t,z,x,y
0.005,0.30005,-0.00000,-0.00000
0.010,0.30022,-0.00000,-0.00000
0.015,0.30048,-0.00000,-0.00000
0.020,0.30086,-0.00000,-0.00000
0.025,0.30133,-0.00000,-0.00000
0.030,0.30192,-0.00000,-0.00000
0.035,0.30260,-0.00000,-0.00000
0.040,0.30338,-0.00000,-0.00000
0.045,0.30427,-0.00000,-0.00000
0.050,0.30525,-0.00000,-0.00000
0.055,0.30634,-0.00000,-0.00000
0.060,0.30751,-0.00000,-0.00000
0.065,0.30879,-0.00000,-0.00000
0.070,0.31016,-0.00000,-0.00000
0.075,0.31163,-0.00000,-0.00000
0.080,0.31319,-0.00000,-0.00000
0.085,0.31484,-0.00000,-0.00000
0.090,0.31658,-0.00000,-0.00000
0.095,0.31841,-0.00000,-0.00000
0.100,0.32034,-0.00000,-0.00000
0.105,0.32235,-0.00000,-0.00000
0.110,0.32445,-0.00000,-0.00000
0.115,0.32663,-0.00000,-0.00000
0.120,0.32890,-0.00000,-0.00000
0.125,0.33126,-0.00000,-0.00000
0.130,0.33370,-0.00000,-0.00000
0.135,0.33622,-0.00000,-0.00000
0.140,0.33883,-0.00000,-0.00000
0.145,0.34151,-0.00000,-0.00000
0.150,0.34428,-0.00000,-0.00000
0.155,0.34712,-0.00000,-0.00000
0.160,0.35005,-0.00000,-0.00000
0.165,0.35305,-0.00000,-0.00000
0.170,0.35613,-0.00000,-0.00000
0.175,0.35929,-0.00000,-0.00000
0.180,0.36252,-0.00000,-0.00000
0.185,0.36582,-0.00000,-0.00000
0.190,0.36920,-0.00000,-0.00000
0.195,0.37265,-0.00000,-0.00000
0.200,0.37617,-0.00000,-0.00000
0.205,0.37976,-0.00000,-0.00000
0.210,0.38343,-0.00000,-0.00000
0.215,0.38716,-0.00000,-0.00000
0.220,0.39096,-0.00000,-0.00000
0.225,0.39483,-0.00000,-0.00000
0.230,0.39876,-0.00000,-0.00000
0.235,0.40276,-0.00000,-0.00000
0.240,0.40683,-0.00000,-0.00000
0.245,0.41096,-0.00000,-0.00000
0.250,0.41515,-0.00000,-0.00000
0.255,0.41941,-0.00000,-0.00000
0.260,0.42373,-0.00000,-0.00000
0.265,0.42811,-0.00000,-0.00000
0.270,0.43255,-0.00000,-0.00000
0.275,0.43705,-0.00000,-0.00000
0.280,0.44161,-0.00000,-0.00000
0.285,0.44623,-0.00000,-0.00000
0.290,0.45091,-0.00000,-0.00000
0.295,0.45564,-0.00000,-0.00000
0.300,0.46043,-0.00000,-0.00000
0.305,0.46527,-0.00000,-0.00000
0.310,0.47017,-0.00000,-0.00000
0.315,0.47513,-0.00000,-0.00000
0.320,0.48013,-0.00000,-0.00000
0.325,0.48519,-0.00000,-0.00000
0.330,0.49030,-0.00000,-0.00000
0.335,0.49546,-0.00000,-0.00000
0.340,0.50068,-0.00000,-0.00000
0.345,0.50594,-0.00000,-0.00000
0.350,0.51125,-0.00000,-0.00000
0.355,0.51661,-0.00000,-0.00000
0.360,0.52202,-0.00000,-0.00000
0.365,0.52747,-0.00000,-0.00000
0.370,0.53297,-0.00000,-0.00000
0.375,0.53852,-0.00000,-0.00000
0.380,0.54411,-0.00000,-0.00000
0.385,0.54974,-0.00000,-0.00000
0.390,0.55542,-0.00000,-0.00000
0.395,0.56115,-0.00000,-0.00000
0.400,0.56691,-0.00000,-0.00000
0.405,0.57272,-0.00000,-0.00000
0.410,0.57857,-0.00000,-0.00000
0.415,0.58446,-0.00000,-0.00000
0.420,0.59039,-0.00000,-0.00000
0.425,0.59635,-0.00000,-0.00000
0.430,0.60236,-0.00000,-0.00000
0.435,0.60841,-0.00000,-0.00000
0.440,0.61449,-0.00000,-0.00000
0.445,0.62061,-0.00000,-0.00000
0.450,0.62677,-0.00000,-0.00000
0.455,0.63296,-0.00000,-0.00000
0.460,0.63919,-0.00000,-0.00000
0.465,0.64545,-0.00000,-0.00000
0.470,0.65175,-0.00000,-0.00000
0.475,0.65808,-0.00000,-0.00000
0.480,0.66444,-0.00000,-0.00000
0.485,0.67083,-0.00000,-0.00000
0.490,0.67726,-0.00000,-0.00000
0.495,0.68372,-0.00000,-0.00000
0.500,0.69021,-0.00000,-0.00000
0.505,0.69673,-0.00000,-0.00000
0.510,0.70328,-0.00000,-0.00000
0.515,0.70985,-0.00000,-0.00000
0.520,0.71646,-0.00000,-0.00000
0.525,0.72310,-0.00000,-0.00000
0.530,0.72976,-0.00000,-0.00000
0.535,0.73645,-0.00000,-0.00000
0.540,0.74316,-0.00000,-0.00000
0.545,0.74991,-0.00000,-0.00000
0.550,0.75667,-0.00000,-0.00000
0.555,0.76347,-0.00000,-0.00000
0.560,0.77028,-0.00000,-0.00000
0.565,0.77712,-0.00000,-0.00000
0.570,0.78399,-0.00000,-0.00000
0.575,0.79088,-0.00000,-0.00000
0.580,0.79778,-0.00000,-0.00000
0.585,0.80472,-0.00000,-0.00000
0.590,0.81167,-0.00000,-0.00000
0.595,0.81865,-0.00000,-0.00000
0.600,0.82564,-0.00000,-0.00000
0.605,0.83266,-0.00000,-0.00000
0.610,0.83969,-0.00000,-0.00000
0.615,0.84675,-0.00000,-0.00000
0.620,0.85382,-0.00000,-0.00000
0.625,0.86091,-0.00000,-0.00000
0.630,0.86802,-0.00000,-0.00000
0.635,0.87515,-0.00000,-0.00000
0.640,0.88229,-0.00000,-0.00000
0.645,0.88945,-0.00000,-0.00000
0.650,0.89663,-0.00000,-0.00000
0.655,0.90382,-0.00000,-0.00000
0.660,0.91103,-0.00000,-0.00000
0.665,0.91825,-0.00000,-0.00000
0.670,0.92549,-0.00000,-0.00000
0.675,0.93274,-0.00000,-0.00000
0.680,0.94001,-0.00000,-0.00000
0.685,0.94728,-0.00000,-0.00000
0.690,0.95458,-0.00000,-0.00000
0.695,0.96188,-0.00000,-0.00000
0.700,0.96920,-0.00000,-0.00000
0.705,0.97652,-0.00000,-0.00000
0.710,0.98386,-0.00000,-0.00000
0.715,0.99121,-0.00000,-0.00000
0.720,0.99857,-0.00000,-0.00000
0.725,1.00594,-0.00000,-0.00000
0.730,1.01332,-0.00000,-0.00000
0.735,1.02071,-0.00000,-0.00000
0.740,1.02811,-0.00000,-0.00000
0.745,1.03551,-0.00000,-0.00000
0.750,1.04293,-0.00000,-0.00000
0.755,1.05035,-0.00000,-0.00000
0.760,1.05778,-0.00000,-0.00000
0.765,1.06522,-0.00000,-0.00000
0.770,1.07267,-0.00000,-0.00000
0.775,1.08012,-0.00000,-0.00000
0.780,1.08758,-0.00000,-0.00000
0.785,1.09504,-0.00000,-0.00000
0.790,1.10251,-0.00000,-0.00000
0.795,1.10998,-0.00000,-0.00000
0.800,1.11746,-0.00000,-0.00000
0.805,1.12494,-0.00000,-0.00000
0.810,1.13243,-0.00000,-0.00000
0.815,1.13992,-0.00000,-0.00000
0.820,1.14742,-0.00000,-0.00000
0.825,1.15491,-0.00000,-0.00000
0.830,1.16242,-0.00000,-0.00000
0.835,1.16992,-0.00000,-0.00000
0.840,1.17742,-0.00000,-0.00000
0.845,1.18493,-0.00000,-0.00000
0.850,1.19244,-0.00000,-0.00000
0.855,1.19995,-0.00000,-0.00000
0.860,1.20746,-0.00000,-0.00000
0.865,1.21498,-0.00000,-0.00000
0.870,1.22249,-0.00000,-0.00000
0.875,1.23000,-0.00000,-0.00000
0.880,1.23752,-0.00000,-0.00000
0.885,1.24503,-0.00000,-0.00000
0.890,1.25254,-0.00000,-0.00000
0.895,1.26005,-0.00000,-0.00000
0.900,1.26756,-0.00000,-0.00000
0.905,1.27507,-0.00000,-0.00000
0.910,1.28257,-0.00000,-0.00000
0.915,1.29008,-0.00000,-0.00000
0.920,1.29758,-0.00000,-0.00000
0.925,1.30508,-0.00000,-0.00000
0.930,1.31257,-0.00000,-0.00000
0.935,1.32006,-0.00000,-0.00000
0.940,1.32755,-0.00000,-0.00000
0.945,1.33503,-0.00000,-0.00000
0.950,1.34252,-0.00000,-0.00000
0.955,1.34999,-0.00000,-0.00000
0.960,1.35746,-0.00000,-0.00000
0.965,1.36493,-0.00000,-0.00000
0.970,1.37239,-0.00000,-0.00000
0.975,1.37985,-0.00000,-0.00000
0.980,1.38730,-0.00000,-0.00000
0.985,1.39474,-0.00000,-0.00000
0.990,1.40218,-0.00000,-0.00000
0.995,1.40961,-0.00000,-0.00000
1.000,1.41704,-0.00000,-0.00000
1.005,1.42446,-0.00000,-0.00000
1.010,1.43187,-0.00000,-0.00000
1.015,1.43927,-0.00000,-0.00000
1.020,1.44667,-0.00000,-0.00000
1.025,1.45406,-0.00000,-0.00000
1.030,1.46144,-0.00000,-0.00000
1.035,1.46881,-0.00000,-0.00000
1.040,1.47618,-0.00000,-0.00000
1.045,1.48354,-0.00000,-0.00000
1.050,1.49088,-0.00000,-0.00000
1.055,1.49822,-0.00000,-0.00000
1.060,1.50555,-0.00000,-0.00000
1.065,1.51287,-0.00000,-0.00000
1.070,1.52018,-0.00000,-0.00000
1.075,1.52748,-0.00000,-0.00000
1.080,1.53477,-0.00000,-0.00000
1.085,1.54206,-0.00000,-0.00000
1.090,1.54933,-0.00000,-0.00000
1.095,1.55659,-0.00000,-0.00000
1.100,1.56384,-0.00000,-0.00000
1.105,1.57107,-0.00000,-0.00000
1.110,1.57830,-0.00000,-0.00000
1.115,1.58552,-0.00000,-0.00000
1.120,1.59272,-0.00000,-0.00000
1.125,1.59991,-0.00000,-0.00000
1.130,1.60709,-0.00000,-0.00000
1.135,1.61426,-0.00000,-0.00000
1.140,1.62142,-0.00000,-0.00000
1.145,1.62857,-0.00000,-0.00000
1.150,1.63570,-0.00000,-0.00000
1.155,1.64282,-0.00000,-0.00000
1.160,1.64992,-0.00000,-0.00000
1.165,1.65702,-0.00000,-0.00000
1.170,1.66410,-0.00000,-0.00000
1.175,1.67117,-0.00000,-0.00000
1.180,1.67822,-0.00000,-0.00000
1.185,1.68526,-0.00000,-0.00000
1.190,1.69229,-0.00000,-0.00000
1.195,1.69930,-0.00000,-0.00000
1.200,1.70630,-0.00000,-0.00000
1.205,1.71329,-0.00000,-0.00000
1.210,1.72026,-0.00000,-0.00000
1.215,1.72722,-0.00000,-0.00000
1.220,1.73416,-0.00000,-0.00000
1.225,1.74108,-0.00000,-0.00000
1.230,1.74800,-0.00000,-0.00000
1.235,1.75489,-0.00000,-0.00000
1.240,1.76178,-0.00000,-0.00000
1.245,1.76865,-0.00000,-0.00000
1.250,1.77550,-0.00000,-0.00000
1.255,1.78233,-0.00000,-0.00000
1.260,1.78916,-0.00000,-0.00000
1.265,1.79596,-0.00000,-0.00000
1.270,1.80275,-0.00000,-0.00000
1.275,1.80953,-0.00000,-0.00000
1.280,1.81628,-0.00000,-0.00000
1.285,1.82303,-0.00000,-0.00000
1.290,1.82975,-0.00000,-0.00000
1.295,1.83646,-0.00000,-0.00000
1.300,1.84315,-0.00000,-0.00000
1.305,1.84983,-0.00000,-0.00000
1.310,1.85649,-0.00000,-0.00000
1.315,1.86313,-0.00000,-0.00000
1.320,1.86976,-0.00000,-0.00000
1.325,1.87637,-0.00000,-0.00000
1.330,1.88296,-0.00000,-0.00000
1.335,1.88954,-0.00000,-0.00000
1.340,1.89609,-0.00000,-0.00000
1.345,1.90264,-0.00000,-0.00000
1.350,1.90916,-0.00000,-0.00000
1.355,1.91566,-0.00000,-0.00000
1.360,1.92215,-0.00000,-0.00000
1.365,1.92862,-0.00000,-0.00000
1.370,1.93508,-0.00000,-0.00000
1.375,1.94151,-0.00000,-0.00000
1.380,1.94793,-0.00000,-0.00000
1.385,1.95433,-0.00000,-0.00000
1.390,1.96071,-0.00000,-0.00000
1.395,1.96707,-0.00000,-0.00000
1.400,1.97342,-0.00000,-0.00000
1.405,1.97975,-0.00000,-0.00000
1.410,1.98605,-0.00000,-0.00000
1.415,1.99234,-0.00000,-0.00000
1.420,1.99862,-0.00000,-0.00000
1.425,2.00487,-0.00000,-0.00000
1.430,2.01110,-0.00000,-0.00000
1.435,2.01732,-0.00000,-0.00000
1.440,2.02352,-0.00000,-0.00000
1.445,2.02969,-0.00000,-0.00000
1.450,2.03585,-0.00000,-0.00000
1.455,2.04199,-0.00000,-0.00000
1.460,2.04812,-0.00000,-0.00000
1.465,2.05422,-0.00000,-0.00000
1.470,2.06030,-0.00000,-0.00000
1.475,2.06637,-0.00000,-0.00000
1.480,2.07241,-0.00000,-0.00000
1.485,2.07844,-0.00000,-0.00000
1.490,2.08444,-0.00000,-0.00000
1.495,2.09043,-0.00000,-0.00000
1.500,2.09640,-0.00000,-0.00000
1.505,2.10235,-0.00000,-0.00000
1.510,2.10828,-0.00000,-0.00000
1.515,2.11419,-0.00000,-0.00000
1.520,2.12008,-0.00000,-0.00000
1.525,2.12595,-0.00000,-0.00000
1.530,2.13180,-0.00000,-0.00000
1.535,2.13763,-0.00000,-0.00000
1.540,2.14344,-0.00000,-0.00000
1.545,2.14923,-0.00000,-0.00000
1.550,2.15500,-0.00000,-0.00000
1.555,2.16076,-0.00000,-0.00000
1.560,2.16649,-0.00000,-0.00000
1.565,2.17220,-0.00000,-0.00000
1.570,2.17789,-0.00000,-0.00000
1.575,2.18357,-0.00000,-0.00000
1.580,2.18922,-0.00000,-0.00000
1.585,2.19485,-0.00000,-0.00000
1.590,2.20046,-0.00000,-0.00000
1.595,2.20606,-0.00000,-0.00000
1.600,2.21163,-0.00000,-0.00000
1.605,2.21718,-0.00000,-0.00000
1.610,2.22271,-0.00000,-0.00000
1.615,2.22823,-0.00000,-0.00000
1.620,2.23372,-0.00000,-0.00000
1.625,2.23919,-0.00000,-0.00000
1.630,2.24464,-0.00000,-0.00000
1.635,2.25007,-0.00000,-0.00000
1.640,2.25548,-0.00000,-0.00000
1.645,2.26088,-0.00000,-0.00000
1.650,2.26625,-0.00000,-0.00000
1.655,2.27160,-0.00000,-0.00000
1.660,2.27693,-0.00000,-0.00000
1.665,2.28224,-0.00000,-0.00000
1.670,2.28753,-0.00000,-0.00000
1.675,2.29280,-0.00000,-0.00000
1.680,2.29805,-0.00000,-0.00000
1.685,2.30328,-0.00000,-0.00000
1.690,2.30848,-0.00000,-0.00000
1.695,2.31367,-0.00000,-0.00000
1.700,2.31884,-0.00000,-0.00000
1.705,2.32399,-0.00000,-0.00000
1.710,2.32912,-0.00000,-0.00000
1.715,2.33422,-0.00000,-0.00000
1.720,2.33931,-0.00000,-0.00000
1.725,2.34438,-0.00000,-0.00000
1.730,2.34942,-0.00000,-0.00000
1.735,2.35445,-0.00000,-0.00000
1.740,2.35945,-0.00000,-0.00000
1.745,2.36444,-0.00000,-0.00000
1.750,2.36940,-0.00000,-0.00000
1.755,2.37435,-0.00000,-0.00000
1.760,2.37927,-0.00000,-0.00000
1.765,2.38417,-0.00000,-0.00000
1.770,2.38906,-0.00000,-0.00000
1.775,2.39392,-0.00000,-0.00000
1.780,2.39876,-0.00000,-0.00000
1.785,2.40359,-0.00000,-0.00000
1.790,2.40839,-0.00000,-0.00000
1.795,2.41317,-0.00000,-0.00000
1.800,2.41793,-0.00000,-0.00000
1.805,2.42267,-0.00000,-0.00000
1.810,2.42739,-0.00000,-0.00000
1.815,2.43210,-0.00000,-0.00000
1.820,2.43678,-0.00000,-0.00000
1.825,2.44144,-0.00000,-0.00000
1.830,2.44608,-0.00000,-0.00000
1.835,2.45070,-0.00000,-0.00000
1.840,2.45530,-0.00000,-0.00000
1.845,2.45988,-0.00000,-0.00000
1.850,2.46444,-0.00000,-0.00000
1.855,2.46898,-0.00000,-0.00000
1.860,2.47350,-0.00000,-0.00000
1.865,2.47800,-0.00000,-0.00000
1.870,2.48248,-0.00000,-0.00000
1.875,2.48694,-0.00000,-0.00000
1.880,2.49138,-0.00000,-0.00000
1.885,2.49580,-0.00000,-0.00000
1.890,2.50020,-0.00000,-0.00000
1.895,2.50458,-0.00000,-0.00000
1.900,2.50894,-0.00000,-0.00000
1.905,2.51328,-0.00000,-0.00000
1.910,2.51760,-0.00000,-0.00000
1.915,2.52190,-0.00000,-0.00000
1.920,2.52618,-0.00000,-0.00000
1.925,2.53044,-0.00000,-0.00000
1.930,2.53468,-0.00000,-0.00000
1.935,2.53890,-0.00000,-0.00000
1.940,2.54310,-0.00000,-0.00000
1.945,2.54729,-0.00000,-0.00000
1.950,2.55145,-0.00000,-0.00000
1.955,2.55559,-0.00000,-0.00000
1.960,2.55971,-0.00000,-0.00000
1.965,2.56382,-0.00000,-0.00000
1.970,2.56790,-0.00000,-0.00000
1.975,2.57197,-0.00000,-0.00000
1.980,2.57601,-0.00000,-0.00000
1.985,2.58004,-0.00000,-0.00000
1.990,2.58405,-0.00000,-0.00000
1.995,2.58803,-0.00000,-0.00000
2.000,2.59200,-0.00000,-0.00000
2.005,2.59595,-0.00000,-0.00000
2.010,2.59988,-0.00000,-0.00000
2.015,2.60379,-0.00000,-0.00000
2.020,2.60768,-0.00000,-0.00000
2.025,2.61155,-0.00000,-0.00000
2.030,2.61540,-0.00000,-0.00000
2.035,2.61924,-0.00000,-0.00000
2.040,2.62305,-0.00000,-0.00000
2.045,2.62685,-0.00000,-0.00000
2.050,2.63062,-0.00000,-0.00000
2.055,2.63438,-0.00000,-0.00000
2.060,2.63812,-0.00000,-0.00000
2.065,2.64184,-0.00000,-0.00000
2.070,2.64554,-0.00000,-0.00000
2.075,2.64923,-0.00000,-0.00000
2.080,2.65289,-0.00000,-0.00000
2.085,2.65653,-0.00000,-0.00000
2.090,2.66016,-0.00000,-0.00000
2.095,2.66377,-0.00000,-0.00000
2.100,2.66736,-0.00000,-0.00000
2.105,2.67093,-0.00000,-0.00000
2.110,2.67448,-0.00000,-0.00000
2.115,2.67801,-0.00000,-0.00000
2.120,2.68153,-0.00000,-0.00000
2.125,2.68503,-0.00000,-0.00000
2.130,2.68851,-0.00000,-0.00000
2.135,2.69197,-0.00000,-0.00000
2.140,2.69541,-0.00000,-0.00000
2.145,2.69883,-0.00000,-0.00000
2.150,2.70224,-0.00000,-0.00000
2.155,2.70563,-0.00000,-0.00000
2.160,2.70900,-0.00000,-0.00000
2.165,2.71235,-0.00000,-0.00000
2.170,2.71568,-0.00000,-0.00000
2.175,2.71900,-0.00000,-0.00000
2.180,2.72230,-0.00000,-0.00000
2.185,2.72558,-0.00000,-0.00000
2.190,2.72884,-0.00000,-0.00000
2.195,2.73209,-0.00000,-0.00000
2.200,2.73531,-0.00000,-0.00000
2.205,2.73852,-0.00000,-0.00000
2.210,2.74172,-0.00000,-0.00000
2.215,2.74489,-0.00000,-0.00000
2.220,2.74805,-0.00000,-0.00000
2.225,2.75119,-0.00000,-0.00000
2.230,2.75431,-0.00000,-0.00000
2.235,2.75741,-0.00000,-0.00000
2.240,2.76050,-0.00000,-0.00000
2.245,2.76357,-0.00000,-0.00000
2.250,2.76663,-0.00000,-0.00000
2.255,2.76966,-0.00000,-0.00000
2.260,2.77268,-0.00000,-0.00000
2.265,2.77568,-0.00000,-0.00000
2.270,2.77867,-0.00000,-0.00000
2.275,2.78164,-0.00000,-0.00000
2.280,2.78459,-0.00000,-0.00000
2.285,2.78752,-0.00000,-0.00000
2.290,2.79044,-0.00000,-0.00000
2.295,2.79334,-0.00000,-0.00000
2.300,2.79622,-0.00000,-0.00000
2.305,2.79909,-0.00000,-0.00000
2.310,2.80194,-0.00000,-0.00000
2.315,2.80478,-0.00000,-0.00000
2.320,2.80759,-0.00000,-0.00000
2.325,2.81040,-0.00000,-0.00000
2.330,2.81318,-0.00000,-0.00000
2.335,2.81595,-0.00000,-0.00000
2.340,2.81870,-0.00000,-0.00000
2.345,2.82144,-0.00000,-0.00000
2.350,2.82416,-0.00000,-0.00000
2.355,2.82686,-0.00000,-0.00000
2.360,2.82955,-0.00000,-0.00000
2.365,2.83222,-0.00000,-0.00000
2.370,2.83488,-0.00000,-0.00000
2.375,2.83752,-0.00000,-0.00000
2.380,2.84014,-0.00000,-0.00000
2.385,2.84275,-0.00000,-0.00000
2.390,2.84534,-0.00000,-0.00000
2.395,2.84792,-0.00000,-0.00000
2.400,2.85048,-0.00000,-0.00000
2.405,2.85303,-0.00000,-0.00000
2.410,2.85556,-0.00000,-0.00000
2.415,2.85807,-0.00000,-0.00000
2.420,2.86057,-0.00000,-0.00000
2.425,2.86306,-0.00000,-0.00000
2.430,2.86553,-0.00000,-0.00000
2.435,2.86798,-0.00000,-0.00000
2.440,2.87042,-0.00000,-0.00000
2.445,2.87284,-0.00000,-0.00000
2.450,2.87525,-0.00000,-0.00000
2.455,2.87764,-0.00000,-0.00000
2.460,2.88002,-0.00000,-0.00000
2.465,2.88238,-0.00000,-0.00000
2.470,2.88473,-0.00000,-0.00000
2.475,2.88706,-0.00000,-0.00000
2.480,2.88938,-0.00000,-0.00000
2.485,2.89169,-0.00000,-0.00000
2.490,2.89398,-0.00000,-0.00000
2.495,2.89625,-0.00000,-0.00000
2.500,2.89851,-0.00000,-0.00000
2.505,2.90076,-0.00000,-0.00000
2.510,2.90299,-0.00000,-0.00000
2.515,2.90520,-0.00000,-0.00000
2.520,2.90741,-0.00000,-0.00000
2.525,2.90959,-0.00000,-0.00000
2.530,2.91177,-0.00000,-0.00000
2.535,2.91393,-0.00000,-0.00000
2.540,2.91607,-0.00000,-0.00000
2.545,2.91821,-0.00000,-0.00000
2.550,2.92032,-0.00000,-0.00000
2.555,2.92243,-0.00000,-0.00000
2.560,2.92452,-0.00000,-0.00000
2.565,2.92659,-0.00000,-0.00000
2.570,2.92865,-0.00000,-0.00000
2.575,2.93070,-0.00000,-0.00000
2.580,2.93274,-0.00000,-0.00000
2.585,2.93476,-0.00000,-0.00000
2.590,2.93677,-0.00000,-0.00000
2.595,2.93876,-0.00000,-0.00000
2.600,2.94074,-0.00000,-0.00000
2.605,2.94271,-0.00000,-0.00000
2.610,2.94466,-0.00000,-0.00000
2.615,2.94660,-0.00000,-0.00000
2.620,2.94853,-0.00000,-0.00000
2.625,2.95044,-0.00000,-0.00000
2.630,2.95234,-0.00000,-0.00000
2.635,2.95423,-0.00000,-0.00000
2.640,2.95611,-0.00000,-0.00000
2.645,2.95797,-0.00000,-0.00000
2.650,2.95982,-0.00000,-0.00000
2.655,2.96166,-0.00000,-0.00000
2.660,2.96348,-0.00000,-0.00000
2.665,2.96529,-0.00000,-0.00000
2.670,2.96709,-0.00000,-0.00000
2.675,2.96887,-0.00000,-0.00000
2.680,2.97065,-0.00000,-0.00000
2.685,2.97241,-0.00000,-0.00000
2.690,2.97415,-0.00000,-0.00000
2.695,2.97589,-0.00000,-0.00000
2.700,2.97761,-0.00000,-0.00000
2.705,2.97932,-0.00000,-0.00000
2.710,2.98102,-0.00000,-0.00000
2.715,2.98271,-0.00000,-0.00000
2.720,2.98438,-0.00000,-0.00000
2.725,2.98604,-0.00000,-0.00000
2.730,2.98769,-0.00000,-0.00000
2.735,2.98933,-0.00000,-0.00000
2.740,2.99096,-0.00000,-0.00000
2.745,2.99257,-0.00000,-0.00000
2.750,2.99418,-0.00000,-0.00000
2.755,2.99577,-0.00000,-0.00000
2.760,2.99735,-0.00000,-0.00000
2.765,2.99891,-0.00000,-0.00000
2.770,3.00047,-0.00000,-0.00000
2.775,3.00201,-0.00000,-0.00000
2.780,3.00355,-0.00000,-0.00000
2.785,3.00507,-0.00000,-0.00000
2.790,3.00658,-0.00000,-0.00000
2.795,3.00808,-0.00000,-0.00000
2.800,3.00956,-0.00000,-0.00000
2.805,3.01104,-0.00000,-0.00000
2.810,3.01250,-0.00000,-0.00000
2.815,3.01396,-0.00000,-0.00000
2.820,3.01540,-0.00000,-0.00000
2.825,3.01683,-0.00000,-0.00000
2.830,3.01825,-0.00000,-0.00000
2.835,3.01966,-0.00000,-0.00000
2.840,3.02106,-0.00000,-0.00000
2.845,3.02245,-0.00000,-0.00000
2.850,3.02383,-0.00000,-0.00000
2.855,3.02519,-0.00000,-0.00000
2.860,3.02655,-0.00000,-0.00000
2.865,3.02790,-0.00000,-0.00000
2.870,3.02923,-0.00000,-0.00000
2.875,3.03055,-0.00000,-0.00000
2.880,3.03187,-0.00000,-0.00000
2.885,3.03317,-0.00000,-0.00000
2.890,3.03447,-0.00000,-0.00000
2.895,3.03575,-0.00000,-0.00000
2.900,3.03702,-0.00000,-0.00000
2.905,3.03828,-0.00000,-0.00000
2.910,3.03954,-0.00000,-0.00000
2.915,3.04078,-0.00000,-0.00000
2.920,3.04201,-0.00000,-0.00000
2.925,3.04323,-0.00000,-0.00000
2.930,3.04445,-0.00000,-0.00000
2.935,3.04565,-0.00000,-0.00000
2.940,3.04684,-0.00000,-0.00000
2.945,3.04802,-0.00000,-0.00000
2.950,3.04920,-0.00000,-0.00000
2.955,3.05036,-0.00000,-0.00000
2.960,3.05151,-0.00000,-0.00000
2.965,3.05266,-0.00000,-0.00000
2.970,3.05379,-0.00000,-0.00000
2.975,3.05492,-0.00000,-0.00000
2.980,3.05603,-0.00000,-0.00000
2.985,3.05714,-0.00000,-0.00000
2.990,3.05824,-0.00000,-0.00000
2.995,3.05932,-0.00000,-0.00000
3.000,3.06040,-0.00000,-0.00000
3.005,3.06147,-0.00000,-0.00000
3.010,3.06253,-0.00000,-0.00000
3.015,3.06358,-0.00000,-0.00000
3.020,3.06463,-0.00000,-0.00000
3.025,3.06566,-0.00000,-0.00000
3.030,3.06668,-0.00000,-0.00000
3.035,3.06770,-0.00000,-0.00000
3.040,3.06870,-0.00000,-0.00000
3.045,3.06970,-0.00000,-0.00000
3.050,3.07069,-0.00000,-0.00000
3.055,3.07167,-0.00000,-0.00000
3.060,3.07264,-0.00000,-0.00000
3.065,3.07360,-0.00000,-0.00000
3.070,3.07456,-0.00000,-0.00000
3.075,3.07550,-0.00000,-0.00000
3.080,3.07644,-0.00000,-0.00000
3.085,3.07737,-0.00000,-0.00000
3.090,3.07829,-0.00000,-0.00000
3.095,3.07920,-0.00000,-0.00000
3.100,3.08011,-0.00000,-0.00000
3.105,3.08100,-0.00000,-0.00000
3.110,3.08189,-0.00000,-0.00000
3.115,3.08277,-0.00000,-0.00000
3.120,3.08364,-0.00000,-0.00000
3.125,3.08450,-0.00000,-0.00000
3.130,3.08536,-0.00000,-0.00000
3.135,3.08620,-0.00000,-0.00000
3.140,3.08704,-0.00000,-0.00000
3.145,3.08787,-0.00000,-0.00000
3.150,3.08870,-0.00000,-0.00000
3.155,3.08951,-0.00000,-0.00000
3.160,3.09032,-0.00000,-0.00000
3.165,3.09112,-0.00000,-0.00000
3.170,3.09191,-0.00000,-0.00000
3.175,3.09270,-0.00000,-0.00000
3.180,3.09347,-0.00000,-0.00000
3.185,3.09424,-0.00000,-0.00000
3.190,3.09500,-0.00000,-0.00000
3.195,3.09576,-0.00000,-0.00000
3.200,3.09651,-0.00000,-0.00000
3.205,3.09725,-0.00000,-0.00000
3.210,3.09798,-0.00000,-0.00000
3.215,3.09870,-0.00000,-0.00000
3.220,3.09942,-0.00000,-0.00000
3.225,3.10013,-0.00000,-0.00000
3.230,3.10084,-0.00000,-0.00000
3.235,3.10153,-0.00000,-0.00000
3.240,3.10222,-0.00000,-0.00000
3.245,3.10290,-0.00000,-0.00000
3.250,3.10358,-0.00000,-0.00000
3.255,3.10425,-0.00000,-0.00000
3.260,3.10491,-0.00000,-0.00000
3.265,3.10556,-0.00000,-0.00000
3.270,3.10621,-0.00000,-0.00000
3.275,3.10685,-0.00000,-0.00000
3.280,3.10749,-0.00000,-0.00000
3.285,3.10812,-0.00000,-0.00000
3.290,3.10874,-0.00000,-0.00000
3.295,3.10935,-0.00000,-0.00000
3.300,3.10996,-0.00000,-0.00000
3.305,3.11056,-0.00000,-0.00000
3.310,3.11115,-0.00000,-0.00000
3.315,3.11174,-0.00000,-0.00000
3.320,3.11233,-0.00000,-0.00000
3.325,3.11290,-0.00000,-0.00000
3.330,3.11347,-0.00000,-0.00000
3.335,3.11403,-0.00000,-0.00000
3.340,3.11459,-0.00000,-0.00000
3.345,3.11514,-0.00000,-0.00000
3.350,3.11568,-0.00000,-0.00000
3.355,3.11622,-0.00000,-0.00000
3.360,3.11676,-0.00000,-0.00000
3.365,3.11728,-0.00000,-0.00000
3.370,3.11780,-0.00000,-0.00000
3.375,3.11832,-0.00000,-0.00000
3.380,3.11882,-0.00000,-0.00000
3.385,3.11933,-0.00000,-0.00000
3.390,3.11982,-0.00000,-0.00000
3.395,3.12031,-0.00000,-0.00000
3.400,3.12080,-0.00000,-0.00000
3.405,3.12128,-0.00000,-0.00000
3.410,3.12175,-0.00000,-0.00000
3.415,3.12222,-0.00000,-0.00000
3.420,3.12268,-0.00000,-0.00000
3.425,3.12313,-0.00000,-0.00000
3.430,3.12359,-0.00000,-0.00000
3.435,3.12403,-0.00000,-0.00000
3.440,3.12447,-0.00000,-0.00000
3.445,3.12490,-0.00000,-0.00000
3.450,3.12533,-0.00000,-0.00000
3.455,3.12576,-0.00000,-0.00000
3.460,3.12617,-0.00000,-0.00000
3.465,3.12659,-0.00000,-0.00000
3.470,3.12699,-0.00000,-0.00000
3.475,3.12740,-0.00000,-0.00000
3.480,3.12779,-0.00000,-0.00000
3.485,3.12818,-0.00000,-0.00000
3.490,3.12857,-0.00000,-0.00000
3.495,3.12895,-0.00000,-0.00000
3.500,3.12933,-0.00000,-0.00000
3.505,3.12970,-0.00000,-0.00000
3.510,3.13007,-0.00000,-0.00000
3.515,3.13043,-0.00000,-0.00000
3.520,3.13078,-0.00000,-0.00000
3.525,3.13114,-0.00000,-0.00000
3.530,3.13148,-0.00000,-0.00000
3.535,3.13182,-0.00000,-0.00000
3.540,3.13216,-0.00000,-0.00000
3.545,3.13249,-0.00000,-0.00000
3.550,3.13282,-0.00000,-0.00000
3.555,3.13314,-0.00000,-0.00000
3.560,3.13346,-0.00000,-0.00000
3.565,3.13378,-0.00000,-0.00000
3.570,3.13408,-0.00000,-0.00000
3.575,3.13439,-0.00000,-0.00000
3.580,3.13469,-0.00000,-0.00000
3.585,3.13498,-0.00000,-0.00000
3.590,3.13527,-0.00000,-0.00000
3.595,3.13556,-0.00000,-0.00000
3.600,3.13584,-0.00000,-0.00000
3.605,3.13612,-0.00000,-0.00000
3.610,3.13639,-0.00000,-0.00000
3.615,3.13666,-0.00000,-0.00000
3.620,3.13693,-0.00000,-0.00000
3.625,3.13719,-0.00000,-0.00000
3.630,3.13744,-0.00000,-0.00000
3.635,3.13769,-0.00000,-0.00000
3.640,3.13794,-0.00000,-0.00000
3.645,3.13818,-0.00000,-0.00000
3.650,3.13842,-0.00000,-0.00000
3.655,3.13866,-0.00000,-0.00000
3.660,3.13889,-0.00000,-0.00000
3.665,3.13912,-0.00000,-0.00000
3.670,3.13934,-0.00000,-0.00000
3.675,3.13956,-0.00000,-0.00000
3.680,3.13977,-0.00000,-0.00000
3.685,3.13999,-0.00000,-0.00000
3.690,3.14019,-0.00000,-0.00000
3.695,3.14040,-0.00000,-0.00000
3.700,3.14060,-0.00000,-0.00000
3.705,3.14079,-0.00000,-0.00000
3.710,3.14099,-0.00000,-0.00000
3.715,3.14117,-0.00000,-0.00000
3.720,3.14136,-0.00000,-0.00000
3.725,3.14154,-0.00000,-0.00000
3.730,3.14172,-0.00000,-0.00000
3.735,3.14189,-0.00000,-0.00000
3.740,3.14206,-0.00000,-0.00000
3.745,3.14223,-0.00000,-0.00000
3.750,3.14239,-0.00000,-0.00000
3.755,3.14255,-0.00000,-0.00000
3.760,3.14271,-0.00000,-0.00000
3.765,3.14286,-0.00000,-0.00000
3.770,3.14301,-0.00000,-0.00000
3.775,3.14316,-0.00000,-0.00000
3.780,3.14330,-0.00000,-0.00000
3.785,3.14344,-0.00000,-0.00000
3.790,3.14357,-0.00000,-0.00000
3.795,3.14371,-0.00000,-0.00000
3.800,3.14384,-0.00000,-0.00000
3.805,3.14396,-0.00000,-0.00000
3.810,3.14408,-0.00000,-0.00000
3.815,3.14420,-0.00000,-0.00000
3.820,3.14432,-0.00000,-0.00000
3.825,3.14443,-0.00000,-0.00000
3.830,3.14454,-0.00000,-0.00000
3.835,3.14465,-0.00000,-0.00000
3.840,3.14476,-0.00000,-0.00000
3.845,3.14486,-0.00000,-0.00000
3.850,3.14495,-0.00000,-0.00000
3.855,3.14505,-0.00000,-0.00000
3.860,3.14514,-0.00000,-0.00000
3.865,3.14523,-0.00000,-0.00000
3.870,3.14532,-0.00000,-0.00000
3.875,3.14540,-0.00000,-0.00000
3.880,3.14548,-0.00000,-0.00000
3.885,3.14556,-0.00000,-0.00000
3.890,3.14563,-0.00000,-0.00000
3.895,3.14571,-0.00000,-0.00000
3.900,3.14578,-0.00000,-0.00000
3.905,3.14584,-0.00000,-0.00000
3.910,3.14591,-0.00000,-0.00000
3.915,3.14597,-0.00000,-0.00000
3.920,3.14602,-0.00000,-0.00000
3.925,3.14608,-0.00000,-0.00000
3.930,3.14613,-0.00000,-0.00000
3.935,3.14618,-0.00000,-0.00000
3.940,3.14623,-0.00000,-0.00000
3.945,3.14628,-0.00000,-0.00000
3.950,3.14632,-0.00000,-0.00000
3.955,3.14636,-0.00000,-0.00000
3.960,3.14640,-0.00000,-0.00000
3.965,3.14643,-0.00000,-0.00000
3.970,3.14647,-0.00000,-0.00000
3.975,3.14650,-0.00000,-0.00000
3.980,3.14652,-0.00000,-0.00000
3.985,3.14655,-0.00000,-0.00000
3.990,3.14657,-0.00000,-0.00000
3.995,3.14659,-0.00000,-0.00000
4.000,3.14661,-0.00000,-0.00000
4.005,3.14663,-0.00000,-0.00000
4.010,3.14664,-0.00000,-0.00000
4.015,3.14666,-0.00000,-0.00000
4.020,3.14666,-0.00000,-0.00000
4.025,3.14667,-0.00000,-0.00000
4.030,3.14668,-0.00000,-0.00000
4.035,3.14668,-0.00000,-0.00000
4.040,3.14668,-0.00000,-0.00000
4.045,3.14668,-0.00000,-0.00000
4.050,3.14668,-0.00000,-0.00000
4.055,3.14667,-0.00000,-0.00000
4.060,3.14666,-0.00000,-0.00000
4.065,3.14665,-0.00000,-0.00000
4.070,3.14664,-0.00000,-0.00000
4.075,3.14663,-0.00000,-0.00000
4.080,3.14661,-0.00000,-0.00000
4.085,3.14659,-0.00000,-0.00000
4.090,3.14657,-0.00000,-0.00000
4.095,3.14655,-0.00000,-0.00000
4.100,3.14653,-0.00000,-0.00000
4.105,3.14650,-0.00000,-0.00000
4.110,3.14647,-0.00000,-0.00000
4.115,3.14644,-0.00000,-0.00000
4.120,3.14641,-0.00000,-0.00000
4.125,3.14638,-0.00000,-0.00000
4.130,3.14635,-0.00000,-0.00000
4.135,3.14631,-0.00000,-0.00000
4.140,3.14627,-0.00000,-0.00000
4.145,3.14623,-0.00000,-0.00000
4.150,3.14619,-0.00000,-0.00000
4.155,3.14614,-0.00000,-0.00000
4.160,3.14610,-0.00000,-0.00000
4.165,3.14605,-0.00000,-0.00000
4.170,3.14600,-0.00000,-0.00000
4.175,3.14595,-0.00000,-0.00000
4.180,3.14590,-0.00000,-0.00000
4.185,3.14585,-0.00000,-0.00000
4.190,3.14579,-0.00000,-0.00000
4.195,3.14573,-0.00000,-0.00000
4.200,3.14568,-0.00000,-0.00000
4.205,3.14562,-0.00000,-0.00000
4.210,3.14555,-0.00000,-0.00000
4.215,3.14549,-0.00000,-0.00000
4.220,3.14543,-0.00000,-0.00000
4.225,3.14536,-0.00000,-0.00000
4.230,3.14529,-0.00000,-0.00000
4.235,3.14522,-0.00000,-0.00000
4.240,3.14515,-0.00000,-0.00000
4.245,3.14508,-0.00000,-0.00000
4.250,3.14501,-0.00000,-0.00000
4.255,3.14493,-0.00000,-0.00000
4.260,3.14486,-0.00000,-0.00000
4.265,3.14478,-0.00000,-0.00000
4.270,3.14470,-0.00000,-0.00000
4.275,3.14462,-0.00000,-0.00000
4.280,3.14454,-0.00000,-0.00000
4.285,3.14446,-0.00000,-0.00000
4.290,3.14437,-0.00000,-0.00000
4.295,3.14429,-0.00000,-0.00000
4.300,3.14420,-0.00000,-0.00000
4.305,3.14411,-0.00000,-0.00000
4.310,3.14402,-0.00000,-0.00000
4.315,3.14393,-0.00000,-0.00000
4.320,3.14384,-0.00000,-0.00000
4.325,3.14375,-0.00000,-0.00000
4.330,3.14365,-0.00000,-0.00000
4.335,3.14356,-0.00000,-0.00000
4.340,3.14346,-0.00000,-0.00000
4.345,3.14337,-0.00000,-0.00000
4.350,3.14327,-0.00000,-0.00000
4.355,3.14317,-0.00000,-0.00000
4.360,3.14307,-0.00000,-0.00000
4.365,3.14297,-0.00000,-0.00000
4.370,3.14286,-0.00000,-0.00000
4.375,3.14276,-0.00000,-0.00000
4.380,3.14265,-0.00000,-0.00000
4.385,3.14255,-0.00000,-0.00000
4.390,3.14244,-0.00000,-0.00000
4.395,3.14233,-0.00000,-0.00000
4.400,3.14222,-0.00000,-0.00000
4.405,3.14211,-0.00000,-0.00000
4.410,3.14200,-0.00000,-0.00000
4.415,3.14189,-0.00000,-0.00000
4.420,3.14178,-0.00000,-0.00000
4.425,3.14166,-0.00000,-0.00000
4.430,3.14155,-0.00000,-0.00000
4.435,3.14143,-0.00000,-0.00000
4.440,3.14132,-0.00000,-0.00000
4.445,3.14120,-0.00000,-0.00000
4.450,3.14108,-0.00000,-0.00000
4.455,3.14096,-0.00000,-0.00000
4.460,3.14084,-0.00000,-0.00000
4.465,3.14072,-0.00000,-0.00000
4.470,3.14060,-0.00000,-0.00000
4.475,3.14048,-0.00000,-0.00000
4.480,3.14036,-0.00000,-0.00000
4.485,3.14023,-0.00000,-0.00000
4.490,3.14011,-0.00000,-0.00000
4.495,3.13998,-0.00000,-0.00000
4.500,3.13986,-0.00000,-0.00000
4.505,3.13973,-0.00000,-0.00000
4.510,3.13960,-0.00000,-0.00000
4.515,3.13947,-0.00000,-0.00000
4.520,3.13934,-0.00000,-0.00000
4.525,3.13922,-0.00000,-0.00000
4.530,3.13908,-0.00000,-0.00000
4.535,3.13895,-0.00000,-0.00000
4.540,3.13882,-0.00000,-0.00000
4.545,3.13869,-0.00000,-0.00000
4.550,3.13856,-0.00000,-0.00000
4.555,3.13842,-0.00000,-0.00000
4.560,3.13829,-0.00000,-0.00000
4.565,3.13815,-0.00000,-0.00000
4.570,3.13802,-0.00000,-0.00000
4.575,3.13788,-0.00000,-0.00000
4.580,3.13775,-0.00000,-0.00000
4.585,3.13761,-0.00000,-0.00000
4.590,3.13747,-0.00000,-0.00000
4.595,3.13733,-0.00000,-0.00000
4.600,3.13719,-0.00000,-0.00000
4.605,3.13705,-0.00000,-0.00000
4.610,3.13691,-0.00000,-0.00000
4.615,3.13677,-0.00000,-0.00000
4.620,3.13663,-0.00000,-0.00000
4.625,3.13649,-0.00000,-0.00000
4.630,3.13635,-0.00000,-0.00000
4.635,3.13621,-0.00000,-0.00000
4.640,3.13606,-0.00000,-0.00000
4.645,3.13592,-0.00000,-0.00000
4.650,3.13578,-0.00000,-0.00000
4.655,3.13563,-0.00000,-0.00000
4.660,3.13549,-0.00000,-0.00000
4.665,3.13534,-0.00000,-0.00000
4.670,3.13520,-0.00000,-0.00000
4.675,3.13505,-0.00000,-0.00000
4.680,3.13491,-0.00000,-0.00000
4.685,3.13476,-0.00000,-0.00000
4.690,3.13461,-0.00000,-0.00000
4.695,3.13447,-0.00000,-0.00000
4.700,3.13432,-0.00000,-0.00000
4.705,3.13417,-0.00000,-0.00000
4.710,3.13402,-0.00000,-0.00000
4.715,3.13387,-0.00000,-0.00000
4.720,3.13372,-0.00000,-0.00000
4.725,3.13357,-0.00000,-0.00000
4.730,3.13342,-0.00000,-0.00000
4.735,3.13327,-0.00000,-0.00000
4.740,3.13312,-0.00000,-0.00000
4.745,3.13297,-0.00000,-0.00000
4.750,3.13282,-0.00000,-0.00000
4.755,3.13267,-0.00000,-0.00000
4.760,3.13252,-0.00000,-0.00000
4.765,3.13237,-0.00000,-0.00000
4.770,3.13222,-0.00000,-0.00000
4.775,3.13206,-0.00000,-0.00000
4.780,3.13191,-0.00000,-0.00000
4.785,3.13176,-0.00000,-0.00000
4.790,3.13161,-0.00000,-0.00000
4.795,3.13145,-0.00000,-0.00000
4.800,3.13130,-0.00000,-0.00000
4.805,3.13115,-0.00000,-0.00000
4.810,3.13099,-0.00000,-0.00000
4.815,3.13084,-0.00000,-0.00000
4.820,3.13068,-0.00000,-0.00000
4.825,3.13053,-0.00000,-0.00000
4.830,3.13038,-0.00000,-0.00000
4.835,3.13022,-0.00000,-0.00000
4.840,3.13007,-0.00000,-0.00000
4.845,3.12991,-0.00000,-0.00000
4.850,3.12976,-0.00000,-0.00000
4.855,3.12960,-0.00000,-0.00000
4.860,3.12945,-0.00000,-0.00000
4.865,3.12929,-0.00000,-0.00000
4.870,3.12913,-0.00000,-0.00000
4.875,3.12898,-0.00000,-0.00000
4.880,3.12882,-0.00000,-0.00000
4.885,3.12867,-0.00000,-0.00000
4.890,3.12851,-0.00000,-0.00000
4.895,3.12835,-0.00000,-0.00000
4.900,3.12820,-0.00000,-0.00000
4.905,3.12804,-0.00000,-0.00000
4.910,3.12789,-0.00000,-0.00000
4.915,3.12773,-0.00000,-0.00000
4.920,3.12757,-0.00000,-0.00000
4.925,3.12742,-0.00000,-0.00000
4.930,3.12726,-0.00000,-0.00000
4.935,3.12710,-0.00000,-0.00000
4.940,3.12695,-0.00000,-0.00000
4.945,3.12679,-0.00000,-0.00000
4.950,3.12663,-0.00000,-0.00000
4.955,3.12648,-0.00000,-0.00000
4.960,3.12632,-0.00000,-0.00000
4.965,3.12616,-0.00000,-0.00000
4.970,3.12601,-0.00000,-0.00000
4.975,3.12585,-0.00000,-0.00000
4.980,3.12569,-0.00000,-0.00000
4.985,3.12554,-0.00000,-0.00000
4.990,3.12538,-0.00000,-0.00000
4.995,3.12522,-0.00000,-0.00000
5.000,3.12507,-0.00000,-0.00000
5.005,3.12491,-0.00000,-0.00000
5.010,3.12475,-0.00000,-0.00000
5.015,3.12460,-0.00000,-0.00000
5.020,3.12444,-0.00000,-0.00000
5.025,3.12428,-0.00000,-0.00000
5.030,3.12413,-0.00000,-0.00000
5.035,3.12397,-0.00000,-0.00000
5.040,3.12381,-0.00000,-0.00000
5.045,3.12366,-0.00000,-0.00000
5.050,3.12350,-0.00000,-0.00000
5.055,3.12335,-0.00000,-0.00000
5.060,3.12319,-0.00000,-0.00000
5.065,3.12303,-0.00000,-0.00000
5.070,3.12288,-0.00000,-0.00000
5.075,3.12272,-0.00000,-0.00000
5.080,3.12257,-0.00000,-0.00000
5.085,3.12241,-0.00000,-0.00000
5.090,3.12225,-0.00000,-0.00000
5.095,3.12210,-0.00000,-0.00000
5.100,3.12194,-0.00000,-0.00000
5.105,3.12179,-0.00000,-0.00000
5.110,3.12163,-0.00000,-0.00000
5.115,3.12148,-0.00000,-0.00000
5.120,3.12132,-0.00000,-0.00000
5.125,3.12117,-0.00000,-0.00000
5.130,3.12101,-0.00000,-0.00000
5.135,3.12086,-0.00000,-0.00000
5.140,3.12071,-0.00000,-0.00000
5.145,3.12055,-0.00000,-0.00000
5.150,3.12040,-0.00000,-0.00000
5.155,3.12024,-0.00000,-0.00000
5.160,3.12009,-0.00000,-0.00000
5.165,3.11994,-0.00000,-0.00000
5.170,3.11978,-0.00000,-0.00000
5.175,3.11963,-0.00000,-0.00000
5.180,3.11948,-0.00000,-0.00000
5.185,3.11932,-0.00000,-0.00000
5.190,3.11917,-0.00000,-0.00000
5.195,3.11902,-0.00000,-0.00000
5.200,3.11887,-0.00000,-0.00000
5.205,3.11871,-0.00000,-0.00000
5.210,3.11856,-0.00000,-0.00000
5.215,3.11841,-0.00000,-0.00000
5.220,3.11826,-0.00000,-0.00000
5.225,3.11811,-0.00000,-0.00000
5.230,3.11796,-0.00000,-0.00000
5.235,3.11781,-0.00000,-0.00000
5.240,3.11765,-0.00000,-0.00000
5.245,3.11750,-0.00000,-0.00000
5.250,3.11735,-0.00000,-0.00000
5.255,3.11720,-0.00000,-0.00000
5.260,3.11705,-0.00000,-0.00000
5.265,3.11690,-0.00000,-0.00000
5.270,3.11675,-0.00000,-0.00000
5.275,3.11661,-0.00000,-0.00000
5.280,3.11646,-0.00000,-0.00000
5.285,3.11631,-0.00000,-0.00000
5.290,3.11616,-0.00000,-0.00000
5.295,3.11601,-0.00000,-0.00000
5.300,3.11586,-0.00000,-0.00000
5.305,3.11571,-0.00000,-0.00000
5.310,3.11557,-0.00000,-0.00000
5.315,3.11542,-0.00000,-0.00000
5.320,3.11527,-0.00000,-0.00000
5.325,3.11513,-0.00000,-0.00000
5.330,3.11498,-0.00000,-0.00000
5.335,3.11483,-0.00000,-0.00000
5.340,3.11469,-0.00000,-0.00000
5.345,3.11454,-0.00000,-0.00000
5.350,3.11439,-0.00000,-0.00000
5.355,3.11425,-0.00000,-0.00000
5.360,3.11410,-0.00000,-0.00000
5.365,3.11396,-0.00000,-0.00000
5.370,3.11381,-0.00000,-0.00000
5.375,3.11367,-0.00000,-0.00000
5.380,3.11353,-0.00000,-0.00000
5.385,3.11338,-0.00000,-0.00000
5.390,3.11324,-0.00000,-0.00000
5.395,3.11310,-0.00000,-0.00000
5.400,3.11295,-0.00000,-0.00000
5.405,3.11281,-0.00000,-0.00000
5.410,3.11267,-0.00000,-0.00000
5.415,3.11253,-0.00000,-0.00000
5.420,3.11238,-0.00000,-0.00000
5.425,3.11224,-0.00000,-0.00000
5.430,3.11210,-0.00000,-0.00000
5.435,3.11196,-0.00000,-0.00000
5.440,3.11182,-0.00000,-0.00000
5.445,3.11168,-0.00000,-0.00000
5.450,3.11154,-0.00000,-0.00000
5.455,3.11140,-0.00000,-0.00000
5.460,3.11126,-0.00000,-0.00000
5.465,3.11112,-0.00000,-0.00000
5.470,3.11098,-0.00000,-0.00000
5.475,3.11084,-0.00000,-0.00000
5.480,3.11070,-0.00000,-0.00000
5.485,3.11057,-0.00000,-0.00000
5.490,3.11043,-0.00000,-0.00000
5.495,3.11029,-0.00000,-0.00000
5.500,3.11015,-0.00000,-0.00000
5.505,3.11002,-0.00000,-0.00000
5.510,3.10988,-0.00000,-0.00000
5.515,3.10975,-0.00000,-0.00000
5.520,3.10961,-0.00000,-0.00000
5.525,3.10947,-0.00000,-0.00000
5.530,3.10934,-0.00000,-0.00000
5.535,3.10920,-0.00000,-0.00000
5.540,3.10907,-0.00000,-0.00000
5.545,3.10894,-0.00000,-0.00000
5.550,3.10880,-0.00000,-0.00000
5.555,3.10867,-0.00000,-0.00000
5.560,3.10853,-0.00000,-0.00000
5.565,3.10840,-0.00000,-0.00000
5.570,3.10827,-0.00000,-0.00000
5.575,3.10814,-0.00000,-0.00000
5.580,3.10800,-0.00000,-0.00000
5.585,3.10787,-0.00000,-0.00000
5.590,3.10774,-0.00000,-0.00000
5.595,3.10761,-0.00000,-0.00000
5.600,3.10748,-0.00000,-0.00000
5.605,3.10735,-0.00000,-0.00000
5.610,3.10722,-0.00000,-0.00000
5.615,3.10709,-0.00000,-0.00000
5.620,3.10696,-0.00000,-0.00000
5.625,3.10683,-0.00000,-0.00000
5.630,3.10670,-0.00000,-0.00000
5.635,3.10658,-0.00000,-0.00000
5.640,3.10645,-0.00000,-0.00000
5.645,3.10632,-0.00000,-0.00000
5.650,3.10619,-0.00000,-0.00000
5.655,3.10607,-0.00000,-0.00000
5.660,3.10594,-0.00000,-0.00000
5.665,3.10581,-0.00000,-0.00000
5.670,3.10569,-0.00000,-0.00000
5.675,3.10556,-0.00000,-0.00000
5.680,3.10544,-0.00000,-0.00000
5.685,3.10531,-0.00000,-0.00000
5.690,3.10519,-0.00000,-0.00000
5.695,3.10506,-0.00000,-0.00000
5.700,3.10494,-0.00000,-0.00000
5.705,3.10482,-0.00000,-0.00000
5.710,3.10469,-0.00000,-0.00000
5.715,3.10457,-0.00000,-0.00000
5.720,3.10445,-0.00000,-0.00000
5.725,3.10432,-0.00000,-0.00000
5.730,3.10420,-0.00000,-0.00000
5.735,3.10408,-0.00000,-0.00000
5.740,3.10396,-0.00000,-0.00000
5.745,3.10384,-0.00000,-0.00000
5.750,3.10372,-0.00000,-0.00000
5.755,3.10360,-0.00000,-0.00000
5.760,3.10348,-0.00000,-0.00000
5.765,3.10336,-0.00000,-0.00000
5.770,3.10324,-0.00000,-0.00000
5.775,3.10312,-0.00000,-0.00000
5.780,3.10300,-0.00000,-0.00000
5.785,3.10289,-0.00000,-0.00000
5.790,3.10277,-0.00000,-0.00000
5.795,3.10265,-0.00000,-0.00000
5.800,3.10253,-0.00000,-0.00000
5.805,3.10242,-0.00000,-0.00000
5.810,3.10230,-0.00000,-0.00000
5.815,3.10219,-0.00000,-0.00000
5.820,3.10207,-0.00000,-0.00000
5.825,3.10196,-0.00000,-0.00000
5.830,3.10184,-0.00000,-0.00000
5.835,3.10173,-0.00000,-0.00000
5.840,3.10161,-0.00000,-0.00000
5.845,3.10150,-0.00000,-0.00000
5.850,3.10138,-0.00000,-0.00000
5.855,3.10127,-0.00000,-0.00000
5.860,3.10116,-0.00000,-0.00000
5.865,3.10105,-0.00000,-0.00000
5.870,3.10093,-0.00000,-0.00000
5.875,3.10082,-0.00000,-0.00000
5.880,3.10071,-0.00000,-0.00000
5.885,3.10060,-0.00000,-0.00000
5.890,3.10049,-0.00000,-0.00000
5.895,3.10038,-0.00000,-0.00000
5.900,3.10027,-0.00000,-0.00000
5.905,3.10016,-0.00000,-0.00000
5.910,3.10005,-0.00000,-0.00000
5.915,3.09994,-0.00000,-0.00000
5.920,3.09983,-0.00000,-0.00000
5.925,3.09973,-0.00000,-0.00000
5.930,3.09962,-0.00000,-0.00000
5.935,3.09951,-0.00000,-0.00000
5.940,3.09940,-0.00000,-0.00000
5.945,3.09930,-0.00000,-0.00000
5.950,3.09919,-0.00000,-0.00000
5.955,3.09908,-0.00000,-0.00000
5.960,3.09898,-0.00000,-0.00000
5.965,3.09887,-0.00000,-0.00000
5.970,3.09877,-0.00000,-0.00000
5.975,3.09866,-0.00000,-0.00000
5.980,3.09856,-0.00000,-0.00000
5.985,3.09846,-0.00000,-0.00000
5.990,3.09835,-0.00000,-0.00000
5.995,3.09825,-0.00000,-0.00000
6.000,3.09815,-0.00000,-0.00000
6.005,3.09804,-0.00000,-0.00000
6.010,3.09794,-0.00000,-0.00000
6.015,3.09784,-0.00000,-0.00000
6.020,3.09774,-0.00000,-0.00000
6.025,3.09764,-0.00000,-0.00000
6.030,3.09754,-0.00000,-0.00000
6.035,3.09744,-0.00000,-0.00000
6.040,3.09734,-0.00000,-0.00000
6.045,3.09724,-0.00000,-0.00000
6.050,3.09714,-0.00000,-0.00000
6.055,3.09704,-0.00000,-0.00000
6.060,3.09694,-0.00000,-0.00000
6.065,3.09684,-0.00000,-0.00000
6.070,3.09674,-0.00000,-0.00000
6.075,3.09664,-0.00000,-0.00000
6.080,3.09655,-0.00000,-0.00000
6.085,3.09645,-0.00000,-0.00000
6.090,3.09635,-0.00000,-0.00000
6.095,3.09626,-0.00000,-0.00000
6.100,3.09616,-0.00000,-0.00000
6.105,3.09606,-0.00000,-0.00000
6.110,3.09597,-0.00000,-0.00000
6.115,3.09587,-0.00000,-0.00000
6.120,3.09578,-0.00000,-0.00000
6.125,3.09569,-0.00000,-0.00000
6.130,3.09559,-0.00000,-0.00000
6.135,3.09550,-0.00000,-0.00000
6.140,3.09540,-0.00000,-0.00000
6.145,3.09531,-0.00000,-0.00000
6.150,3.09522,-0.00000,-0.00000
6.155,3.09513,-0.00000,-0.00000
6.160,3.09503,-0.00000,-0.00000
6.165,3.09494,-0.00000,-0.00000
6.170,3.09485,-0.00000,-0.00000
6.175,3.09476,-0.00000,-0.00000
6.180,3.09467,-0.00000,-0.00000
6.185,3.09458,-0.00000,-0.00000
6.190,3.09449,-0.00000,-0.00000
6.195,3.09440,-0.00000,-0.00000
6.200,3.09431,-0.00000,-0.00000
6.205,3.09422,-0.00000,-0.00000
6.210,3.09413,-0.00000,-0.00000
6.215,3.09404,-0.00000,-0.00000
6.220,3.09396,-0.00000,-0.00000
6.225,3.09387,-0.00000,-0.00000
6.230,3.09378,-0.00000,-0.00000
6.235,3.09369,-0.00000,-0.00000
6.240,3.09361,-0.00000,-0.00000
6.245,3.09352,-0.00000,-0.00000
6.250,3.09343,-0.00000,-0.00000
6.255,3.09335,-0.00000,-0.00000
6.260,3.09326,-0.00000,-0.00000
6.265,3.09318,-0.00000,-0.00000
6.270,3.09309,-0.00000,-0.00000
6.275,3.09301,-0.00000,-0.00000
6.280,3.09292,-0.00000,-0.00000
6.285,3.09284,-0.00000,-0.00000
6.290,3.09276,-0.00000,-0.00000
6.295,3.09267,-0.00000,-0.00000
6.300,3.09259,-0.00000,-0.00000
6.305,3.09251,-0.00000,-0.00000
6.310,3.09242,-0.00000,-0.00000
6.315,3.09234,-0.00000,-0.00000
6.320,3.09226,-0.00000,-0.00000
6.325,3.09218,-0.00000,-0.00000
6.330,3.09210,-0.00000,-0.00000
6.335,3.09202,-0.00000,-0.00000
6.340,3.09194,-0.00000,-0.00000
6.345,3.09186,-0.00000,-0.00000
6.350,3.09178,-0.00000,-0.00000
6.355,3.09170,-0.00000,-0.00000
6.360,3.09162,-0.00000,-0.00000
6.365,3.09154,-0.00000,-0.00000
6.370,3.09146,-0.00000,-0.00000
6.375,3.09138,-0.00000,-0.00000
6.380,3.09130,-0.00000,-0.00000
6.385,3.09123,-0.00000,-0.00000
6.390,3.09115,-0.00000,-0.00000
6.395,3.09107,-0.00000,-0.00000
6.400,3.09099,-0.00000,-0.00000
6.405,3.09092,-0.00000,-0.00000
6.410,3.09084,-0.00000,-0.00000
6.415,3.09077,-0.00000,-0.00000
6.420,3.09069,-0.00000,-0.00000
6.425,3.09061,-0.00000,-0.00000
6.430,3.09054,-0.00000,-0.00000
6.435,3.09046,-0.00000,-0.00000
6.440,3.09039,-0.00000,-0.00000
6.445,3.09032,-0.00000,-0.00000
6.450,3.09024,-0.00000,-0.00000
6.455,3.09017,-0.00000,-0.00000
6.460,3.09009,-0.00000,-0.00000
6.465,3.09002,-0.00000,-0.00000
6.470,3.08995,-0.00000,-0.00000
6.475,3.08988,-0.00000,-0.00000
6.480,3.08980,-0.00000,-0.00000
6.485,3.08973,-0.00000,-0.00000
6.490,3.08966,-0.00000,-0.00000
6.495,3.08959,-0.00000,-0.00000
6.500,3.08952,-0.00000,-0.00000
6.505,3.08945,-0.00000,-0.00000
6.510,3.08938,-0.00000,-0.00000
6.515,3.08931,-0.00000,-0.00000
6.520,3.08924,-0.00000,-0.00000
6.525,3.08917,-0.00000,-0.00000
6.530,3.08910,-0.00000,-0.00000
6.535,3.08903,-0.00000,-0.00000
6.540,3.08896,-0.00000,-0.00000
6.545,3.08889,-0.00000,-0.00000
6.550,3.08882,-0.00000,-0.00000
6.555,3.08875,-0.00000,-0.00000
6.560,3.08869,-0.00000,-0.00000
6.565,3.08862,-0.00000,-0.00000
6.570,3.08855,-0.00000,-0.00000
6.575,3.08848,-0.00000,-0.00000
6.580,3.08842,-0.00000,-0.00000
6.585,3.08835,-0.00000,-0.00000
6.590,3.08829,-0.00000,-0.00000
6.595,3.08822,-0.00000,-0.00000
6.600,3.08815,-0.00000,-0.00000
6.605,3.08809,-0.00000,-0.00000
6.610,3.08802,-0.00000,-0.00000
6.615,3.08796,-0.00000,-0.00000
6.620,3.08789,-0.00000,-0.00000
6.625,3.08783,-0.00000,-0.00000
6.630,3.08777,-0.00000,-0.00000
6.635,3.08770,-0.00000,-0.00000
6.640,3.08764,-0.00000,-0.00000
6.645,3.08757,-0.00000,-0.00000
6.650,3.08751,-0.00000,-0.00000
6.655,3.08745,-0.00000,-0.00000
6.660,3.08739,-0.00000,-0.00000
6.665,3.08732,-0.00000,-0.00000
6.670,3.08726,-0.00000,-0.00000
6.675,3.08720,-0.00000,-0.00000
6.680,3.08714,-0.00000,-0.00000
6.685,3.08708,-0.00000,-0.00000
6.690,3.08702,-0.00000,-0.00000
6.695,3.08696,-0.00000,-0.00000
6.700,3.08689,-0.00000,-0.00000
6.705,3.08683,-0.00000,-0.00000
6.710,3.08677,-0.00000,-0.00000
6.715,3.08671,-0.00000,-0.00000
6.720,3.08665,-0.00000,-0.00000
6.725,3.08660,-0.00000,-0.00000
6.730,3.08654,-0.00000,-0.00000
6.735,3.08648,-0.00000,-0.00000
6.740,3.08642,-0.00000,-0.00000
6.745,3.08636,-0.00000,-0.00000
6.750,3.08630,-0.00000,-0.00000
6.755,3.08624,-0.00000,-0.00000
6.760,3.08619,-0.00000,-0.00000
6.765,3.08613,-0.00000,-0.00000
6.770,3.08607,-0.00000,-0.00000
6.775,3.08602,-0.00000,-0.00000
6.780,3.08596,-0.00000,-0.00000
6.785,3.08590,-0.00000,-0.00000
6.790,3.08585,-0.00000,-0.00000
6.795,3.08579,-0.00000,-0.00000
6.800,3.08573,-0.00000,-0.00000
6.805,3.08568,-0.00000,-0.00000
6.810,3.08562,-0.00000,-0.00000
6.815,3.08557,-0.00000,-0.00000
6.820,3.08551,-0.00000,-0.00000
6.825,3.08546,-0.00000,-0.00000
6.830,3.08540,-0.00000,-0.00000
6.835,3.08535,-0.00000,-0.00000
6.840,3.08529,-0.00000,-0.00000
6.845,3.08524,-0.00000,-0.00000
6.850,3.08519,-0.00000,-0.00000
6.855,3.08513,-0.00000,-0.00000
6.860,3.08508,-0.00000,-0.00000
6.865,3.08503,-0.00000,-0.00000
6.870,3.08498,-0.00000,-0.00000
6.875,3.08492,-0.00000,-0.00000
6.880,3.08487,-0.00000,-0.00000
6.885,3.08482,-0.00000,-0.00000
6.890,3.08477,-0.00000,-0.00000
6.895,3.08471,-0.00000,-0.00000
6.900,3.08466,-0.00000,-0.00000
6.905,3.08461,-0.00000,-0.00000
6.910,3.08456,-0.00000,-0.00000
6.915,3.08451,-0.00000,-0.00000
6.920,3.08446,-0.00000,-0.00000
6.925,3.08441,-0.00000,-0.00000
6.930,3.08436,-0.00000,-0.00000
6.935,3.08431,-0.00000,-0.00000
6.940,3.08426,-0.00000,-0.00000
6.945,3.08421,-0.00000,-0.00000
6.950,3.08416,-0.00000,-0.00000
6.955,3.08411,-0.00000,-0.00000
6.960,3.08406,-0.00000,-0.00000
6.965,3.08401,-0.00000,-0.00000
6.970,3.08396,-0.00000,-0.00000
6.975,3.08392,-0.00000,-0.00000
6.980,3.08387,-0.00000,-0.00000
6.985,3.08382,-0.00000,-0.00000
6.990,3.08377,-0.00000,-0.00000
6.995,3.08372,-0.00000,-0.00000
7.000,3.08368,-0.00000,-0.00000
7.005,3.08363,-0.00000,-0.00000
7.010,3.08358,-0.00000,-0.00000
7.015,3.08354,-0.00000,-0.00000
7.020,3.08349,-0.00000,-0.00000
7.025,3.08344,-0.00000,-0.00000
7.030,3.08340,-0.00000,-0.00000
7.035,3.08335,-0.00000,-0.00000
7.040,3.08330,-0.00000,-0.00000
7.045,3.08326,-0.00000,-0.00000
7.050,3.08321,-0.00000,-0.00000
7.055,3.08317,-0.00000,-0.00000
7.060,3.08312,-0.00000,-0.00000
7.065,3.08308,-0.00000,-0.00000
7.070,3.08303,-0.00000,-0.00000
7.075,3.08299,-0.00000,-0.00000
7.080,3.08294,-0.00000,-0.00000
7.085,3.08290,-0.00000,-0.00000
7.090,3.08285,-0.00000,-0.00000
7.095,3.08281,-0.00000,-0.00000
7.100,3.08277,-0.00000,-0.00000
7.105,3.08272,-0.00000,-0.00000
7.110,3.08268,-0.00000,-0.00000
7.115,3.08264,-0.00000,-0.00000
7.120,3.08259,-0.00000,-0.00000
7.125,3.08255,-0.00000,-0.00000
7.130,3.08251,-0.00000,-0.00000
7.135,3.08246,-0.00000,-0.00000
7.140,3.08242,-0.00000,-0.00000
7.145,3.08238,-0.00000,-0.00000
7.150,3.08234,-0.00000,-0.00000
7.155,3.08230,-0.00000,-0.00000
7.160,3.08225,-0.00000,-0.00000
7.165,3.08221,-0.00000,-0.00000
7.170,3.08217,-0.00000,-0.00000
7.175,3.08213,-0.00000,-0.00000
7.180,3.08209,-0.00000,-0.00000
7.185,3.08205,-0.00000,-0.00000
7.190,3.08201,-0.00000,-0.00000
7.195,3.08197,-0.00000,-0.00000
7.200,3.08193,-0.00000,-0.00000
7.205,3.08189,-0.00000,-0.00000
7.210,3.08185,-0.00000,-0.00000
7.215,3.08181,-0.00000,-0.00000
7.220,3.08177,-0.00000,-0.00000
7.225,3.08173,-0.00000,-0.00000
7.230,3.08169,-0.00000,-0.00000
7.235,3.08165,-0.00000,-0.00000
7.240,3.08161,-0.00000,-0.00000
7.245,3.08157,-0.00000,-0.00000
7.250,3.08153,-0.00000,-0.00000
7.255,3.08149,-0.00000,-0.00000
7.260,3.08145,-0.00000,-0.00000
7.265,3.08141,-0.00000,-0.00000
7.270,3.08138,-0.00000,-0.00000
7.275,3.08134,-0.00000,-0.00000
7.280,3.08130,-0.00000,-0.00000
7.285,3.08126,-0.00000,-0.00000
7.290,3.08122,-0.00000,-0.00000
7.295,3.08119,-0.00000,-0.00000
7.300,3.08115,-0.00000,-0.00000
7.305,3.08111,-0.00000,-0.00000
7.310,3.08108,-0.00000,-0.00000
7.315,3.08104,-0.00000,-0.00000
7.320,3.08100,-0.00000,-0.00000
7.325,3.08097,-0.00000,-0.00000
7.330,3.08093,-0.00000,-0.00000
7.335,3.08089,-0.00000,-0.00000
7.340,3.08086,-0.00000,-0.00000
7.345,3.08082,-0.00000,-0.00000
7.350,3.08078,-0.00000,-0.00000
7.355,3.08075,-0.00000,-0.00000
7.360,3.08071,-0.00000,-0.00000
7.365,3.08068,-0.00000,-0.00000
7.370,3.08064,-0.00000,-0.00000
7.375,3.08061,-0.00000,-0.00000
7.380,3.08057,-0.00000,-0.00000
7.385,3.08054,-0.00000,-0.00000
7.390,3.08050,-0.00000,-0.00000
7.395,3.08047,-0.00000,-0.00000
7.400,3.08043,-0.00000,-0.00000
7.405,3.08040,-0.00000,-0.00000
7.410,3.08036,-0.00000,-0.00000
7.415,3.08033,-0.00000,-0.00000
7.420,3.08029,-0.00000,-0.00000
7.425,3.08026,-0.00000,-0.00000
7.430,3.08023,-0.00000,-0.00000
7.435,3.08019,-0.00000,-0.00000
7.440,3.08016,-0.00000,-0.00000
7.445,3.08012,-0.00000,-0.00000
7.450,3.08009,-0.00000,-0.00000
7.455,3.08006,-0.00000,-0.00000
7.460,3.08002,-0.00000,-0.00000
7.465,3.07999,-0.00000,-0.00000
7.470,3.07996,-0.00000,-0.00000
7.475,3.07993,-0.00000,-0.00000
7.480,3.07989,-0.00000,-0.00000
7.485,3.07986,-0.00000,-0.00000
7.490,3.07983,-0.00000,-0.00000
7.495,3.07980,-0.00000,-0.00000
7.500,3.07976,-0.00000,-0.00000
7.505,3.07973,-0.00000,-0.00000
7.510,3.07970,-0.00000,-0.00000
7.515,3.07967,-0.00000,-0.00000
7.520,3.07964,-0.00000,-0.00000
7.525,3.07960,-0.00000,-0.00000
7.530,3.07957,-0.00000,-0.00000
7.535,3.07954,-0.00000,-0.00000
7.540,3.07951,-0.00000,-0.00000
7.545,3.07948,-0.00000,-0.00000
7.550,3.07945,-0.00000,-0.00000
7.555,3.07942,-0.00000,-0.00000
7.560,3.07938,-0.00000,-0.00000
7.565,3.07935,-0.00000,-0.00000
7.570,3.07932,-0.00000,-0.00000
7.575,3.07929,-0.00000,-0.00000
7.580,3.07926,-0.00000,-0.00000
7.585,3.07923,-0.00000,-0.00000
7.590,3.07920,-0.00000,-0.00000
7.595,3.07917,-0.00000,-0.00000
7.600,3.07914,-0.00000,-0.00000
7.605,3.07911,-0.00000,-0.00000
7.610,3.07908,-0.00000,-0.00000
7.615,3.07905,-0.00000,-0.00000
7.620,3.07902,-0.00000,-0.00000
7.625,3.07899,-0.00000,-0.00000
7.630,3.07896,-0.00000,-0.00000
7.635,3.07893,-0.00000,-0.00000
7.640,3.07890,-0.00000,-0.00000
7.645,3.07887,-0.00000,-0.00000
7.650,3.07885,-0.00000,-0.00000
7.655,3.07882,-0.00000,-0.00000
7.660,3.07879,-0.00000,-0.00000
7.665,3.07876,-0.00000,-0.00000
7.670,3.07873,-0.00000,-0.00000
7.675,3.07870,-0.00000,-0.00000
7.680,3.07867,-0.00000,-0.00000
7.685,3.07864,-0.00000,-0.00000
7.690,3.07862,-0.00000,-0.00000
7.695,3.07859,-0.00000,-0.00000
7.700,3.07856,-0.00000,-0.00000
7.705,3.07853,-0.00000,-0.00000
7.710,3.07850,-0.00000,-0.00000
7.715,3.07848,-0.00000,-0.00000
7.720,3.07845,-0.00000,-0.00000
7.725,3.07842,-0.00000,-0.00000
7.730,3.07839,-0.00000,-0.00000
7.735,3.07837,-0.00000,-0.00000
7.740,3.07834,-0.00000,-0.00000
7.745,3.07831,-0.00000,-0.00000
7.750,3.07828,-0.00000,-0.00000
7.755,3.07826,-0.00000,-0.00000
7.760,3.07823,-0.00000,-0.00000
7.765,3.07820,-0.00000,-0.00000
7.770,3.07818,-0.00000,-0.00000
7.775,3.07815,-0.00000,-0.00000
7.780,3.07812,-0.00000,-0.00000
7.785,3.07810,-0.00000,-0.00000
7.790,3.07807,-0.00000,-0.00000
7.795,3.07804,-0.00000,-0.00000
7.800,3.07802,-0.00000,-0.00000
7.805,3.07799,-0.00000,-0.00000
7.810,3.07796,-0.00000,-0.00000
7.815,3.07794,-0.00000,-0.00000
7.820,3.07791,-0.00000,-0.00000
7.825,3.07788,-0.00000,-0.00000
7.830,3.07786,-0.00000,-0.00000
7.835,3.07783,-0.00000,-0.00000
7.840,3.07781,-0.00000,-0.00000
7.845,3.07778,-0.00000,-0.00000
7.850,3.07776,-0.00000,-0.00000
7.855,3.07773,-0.00000,-0.00000
7.860,3.07770,-0.00000,-0.00000
7.865,3.07768,-0.00000,-0.00000
7.870,3.07765,-0.00000,-0.00000
7.875,3.07763,-0.00000,-0.00000
7.880,3.07760,-0.00000,-0.00000
7.885,3.07758,-0.00000,-0.00000
7.890,3.07755,-0.00000,-0.00000
7.895,3.07753,-0.00000,-0.00000
7.900,3.07750,-0.00000,-0.00000
7.905,3.07748,-0.00000,-0.00000
7.910,3.07745,-0.00000,-0.00000
7.915,3.07743,-0.00000,-0.00000
7.920,3.07740,-0.00000,-0.00000
7.925,3.07738,-0.00000,-0.00000
7.930,3.07735,-0.00000,-0.00000
7.935,3.07733,-0.00000,-0.00000
7.940,3.07731,-0.00000,-0.00000
7.945,3.07728,-0.00000,-0.00000
7.950,3.07726,-0.00000,-0.00000
7.955,3.07723,-0.00000,-0.00000
7.960,3.07721,-0.00000,-0.00000
7.965,3.07718,-0.00000,-0.00000
7.970,3.07716,-0.00000,-0.00000
7.975,3.07714,-0.00000,-0.00000
7.980,3.07711,-0.00000,-0.00000
7.985,3.07709,-0.00000,-0.00000
7.990,3.07707,-0.00000,-0.00000
7.995,3.07704,-0.00000,-0.00000
8.000,3.07702,-0.00000,-0.00000
8.005,3.07699,-0.00000,-0.00000
8.010,3.07697,-0.00000,-0.00000
8.015,3.07695,-0.00000,-0.00000
8.020,3.07692,-0.00000,-0.00000
8.025,3.07690,-0.00000,-0.00000
8.030,3.07688,-0.00000,-0.00000
8.035,3.07685,-0.00000,-0.00000
8.040,3.07683,-0.00000,-0.00000
8.045,3.07681,-0.00000,-0.00000
8.050,3.07678,-0.00000,-0.00000
8.055,3.07676,-0.00000,-0.00000
8.060,3.07674,-0.00000,-0.00000
8.065,3.07672,-0.00000,-0.00000
8.070,3.07669,-0.00000,-0.00000
8.075,3.07667,-0.00000,-0.00000
8.080,3.07665,-0.00000,-0.00000
8.085,3.07662,-0.00000,-0.00000
8.090,3.07660,-0.00000,-0.00000
8.095,3.07658,-0.00000,-0.00000
8.100,3.07656,-0.00000,-0.00000
8.105,3.07653,-0.00000,-0.00000
8.110,3.07651,-0.00000,-0.00000
8.115,3.07649,-0.00000,-0.00000
8.120,3.07647,-0.00000,-0.00000
8.125,3.07645,-0.00000,-0.00000
8.130,3.07642,-0.00000,-0.00000
8.135,3.07640,-0.00000,-0.00000
8.140,3.07638,-0.00000,-0.00000
8.145,3.07636,-0.00000,-0.00000
8.150,3.07633,-0.00000,-0.00000
8.155,3.07631,-0.00000,-0.00000
8.160,3.07629,-0.00000,-0.00000
8.165,3.07627,-0.00000,-0.00000
8.170,3.07625,-0.00000,-0.00000
8.175,3.07623,-0.00000,-0.00000
8.180,3.07620,-0.00000,-0.00000
8.185,3.07618,-0.00000,-0.00000
8.190,3.07616,-0.00000,-0.00000
8.195,3.07614,-0.00000,-0.00000
8.200,3.07612,-0.00000,-0.00000
8.205,3.07610,-0.00000,-0.00000
8.210,3.07607,-0.00000,-0.00000
8.215,3.07605,-0.00000,-0.00000
8.220,3.07603,-0.00000,-0.00000
8.225,3.07601,-0.00000,-0.00000
8.230,3.07599,-0.00000,-0.00000
8.235,3.07597,-0.00000,-0.00000
8.240,3.07595,-0.00000,-0.00000
8.245,3.07593,-0.00000,-0.00000
8.250,3.07590,-0.00000,-0.00000
8.255,3.07588,-0.00000,-0.00000
8.260,3.07586,-0.00000,-0.00000
8.265,3.07584,-0.00000,-0.00000
8.270,3.07582,-0.00000,-0.00000
8.275,3.07580,-0.00000,-0.00000
8.280,3.07578,-0.00000,-0.00000
8.285,3.07576,-0.00000,-0.00000
8.290,3.07574,-0.00000,-0.00000
8.295,3.07572,-0.00000,-0.00000
8.300,3.07570,-0.00000,-0.00000
8.305,3.07567,-0.00000,-0.00000
8.310,3.07565,-0.00000,-0.00000
8.315,3.07563,-0.00000,-0.00000
8.320,3.07561,-0.00000,-0.00000
8.325,3.07559,-0.00000,-0.00000
8.330,3.07557,-0.00000,-0.00000
8.335,3.07555,-0.00000,-0.00000
8.340,3.07553,-0.00000,-0.00000
8.345,3.07551,-0.00000,-0.00000
8.350,3.07549,-0.00000,-0.00000
8.355,3.07547,-0.00000,-0.00000
8.360,3.07545,-0.00000,-0.00000
8.365,3.07543,-0.00000,-0.00000
8.370,3.07541,-0.00000,-0.00000
8.375,3.07539,-0.00000,-0.00000
8.380,3.07537,-0.00000,-0.00000
8.385,3.07535,-0.00000,-0.00000
8.390,3.07533,-0.00000,-0.00000
8.395,3.07531,-0.00000,-0.00000
8.400,3.07529,-0.00000,-0.00000
8.405,3.07527,-0.00000,-0.00000
8.410,3.07525,-0.00000,-0.00000
8.415,3.07523,-0.00000,-0.00000
8.420,3.07521,-0.00000,-0.00000
8.425,3.07519,-0.00000,-0.00000
8.430,3.07517,-0.00000,-0.00000
8.435,3.07515,-0.00000,-0.00000
8.440,3.07513,-0.00000,-0.00000
8.445,3.07511,-0.00000,-0.00000
8.450,3.07509,-0.00000,-0.00000
8.455,3.07507,-0.00000,-0.00000
8.460,3.07505,-0.00000,-0.00000
8.465,3.07503,-0.00000,-0.00000
8.470,3.07501,-0.00000,-0.00000
8.475,3.07499,-0.00000,-0.00000
8.480,3.07497,-0.00000,-0.00000
8.485,3.07495,-0.00000,-0.00000
8.490,3.07493,-0.00000,-0.00000
8.495,3.07491,-0.00000,-0.00000
8.500,3.07490,-0.00000,-0.00000
8.505,3.07488,-0.00000,-0.00000
8.510,3.07486,-0.00000,-0.00000
8.515,3.07484,-0.00000,-0.00000
8.520,3.07482,-0.00000,-0.00000
8.525,3.07480,-0.00000,-0.00000
8.530,3.07478,-0.00000,-0.00000
8.535,3.07476,-0.00000,-0.00000
8.540,3.07474,-0.00000,-0.00000
8.545,3.07472,-0.00000,-0.00000
8.550,3.07470,-0.00000,-0.00000
8.555,3.07468,-0.00000,-0.00000
8.560,3.07466,-0.00000,-0.00000
8.565,3.07465,-0.00000,-0.00000
8.570,3.07463,-0.00000,-0.00000
8.575,3.07461,-0.00000,-0.00000
8.580,3.07459,-0.00000,-0.00000
8.585,3.07457,-0.00000,-0.00000
8.590,3.07455,-0.00000,-0.00000
8.595,3.07453,-0.00000,-0.00000
8.600,3.07451,-0.00000,-0.00000
8.605,3.07449,-0.00000,-0.00000
8.610,3.07448,-0.00000,-0.00000
8.615,3.07446,-0.00000,-0.00000
8.620,3.07444,-0.00000,-0.00000
8.625,3.07442,-0.00000,-0.00000
8.630,3.07440,-0.00000,-0.00000
8.635,3.07438,-0.00000,-0.00000
8.640,3.07436,-0.00000,-0.00000
8.645,3.07434,-0.00000,-0.00000
8.650,3.07432,-0.00000,-0.00000
8.655,3.07431,-0.00000,-0.00000
8.660,3.07429,-0.00000,-0.00000
8.665,3.07427,-0.00000,-0.00000
8.670,3.07425,-0.00000,-0.00000
8.675,3.07423,-0.00000,-0.00000
8.680,3.07421,-0.00000,-0.00000
8.685,3.07419,-0.00000,-0.00000
8.690,3.07418,-0.00000,-0.00000
8.695,3.07416,-0.00000,-0.00000
8.700,3.07414,-0.00000,-0.00000
8.705,3.07412,-0.00000,-0.00000
8.710,3.07410,-0.00000,-0.00000
8.715,3.07408,-0.00000,-0.00000
8.720,3.07407,-0.00000,-0.00000
8.725,3.07405,-0.00000,-0.00000
8.730,3.07403,-0.00000,-0.00000
8.735,3.07401,-0.00000,-0.00000
8.740,3.07399,-0.00000,-0.00000
8.745,3.07397,-0.00000,-0.00000
8.750,3.07396,-0.00000,-0.00000
8.755,3.07394,-0.00000,-0.00000
8.760,3.07392,-0.00000,-0.00000
8.765,3.07390,-0.00000,-0.00000
8.770,3.07388,-0.00000,-0.00000
8.775,3.07386,-0.00000,-0.00000
8.780,3.07385,-0.00000,-0.00000
8.785,3.07383,-0.00000,-0.00000
8.790,3.07381,-0.00000,-0.00000
8.795,3.07379,-0.00000,-0.00000
8.800,3.07377,-0.00000,-0.00000
8.805,3.07375,-0.00000,-0.00000
8.810,3.07374,-0.00000,-0.00000
8.815,3.07372,-0.00000,-0.00000
8.820,3.07370,-0.00000,-0.00000
8.825,3.07368,-0.00000,-0.00000
8.830,3.07366,-0.00000,-0.00000
8.835,3.07365,-0.00000,-0.00000
8.840,3.07363,-0.00000,-0.00000
8.845,3.07361,-0.00000,-0.00000
8.850,3.07359,-0.00000,-0.00000
8.855,3.07357,-0.00000,-0.00000
8.860,3.07356,-0.00000,-0.00000
8.865,3.07354,-0.00000,-0.00000
8.870,3.07352,-0.00000,-0.00000
8.875,3.07350,-0.00000,-0.00000
8.880,3.07348,-0.00000,-0.00000
8.885,3.07347,-0.00000,-0.00000
8.890,3.07345,-0.00000,-0.00000
8.895,3.07343,-0.00000,-0.00000
8.900,3.07341,-0.00000,-0.00000
8.905,3.07339,-0.00000,-0.00000
8.910,3.07338,-0.00000,-0.00000
8.915,3.07336,-0.00000,-0.00000
8.920,3.07334,-0.00000,-0.00000
8.925,3.07332,-0.00000,-0.00000
8.930,3.07331,-0.00000,-0.00000
8.935,3.07329,-0.00000,-0.00000
8.940,3.07327,-0.00000,-0.00000
8.945,3.07325,-0.00000,-0.00000
8.950,3.07323,-0.00000,-0.00000
8.955,3.07322,-0.00000,-0.00000
8.960,3.07320,-0.00000,-0.00000
8.965,3.07318,-0.00000,-0.00000
8.970,3.07316,-0.00000,-0.00000
8.975,3.07315,-0.00000,-0.00000
8.980,3.07313,-0.00000,-0.00000
8.985,3.07311,-0.00000,-0.00000
8.990,3.07309,-0.00000,-0.00000
8.995,3.07308,-0.00000,-0.00000
9.000,3.07306,-0.00000,-0.00000
9.005,3.07304,-0.00000,-0.00000
9.010,3.07302,-0.00000,-0.00000
9.015,3.07300,-0.00000,-0.00000
9.020,3.07299,-0.00000,-0.00000
9.025,3.07297,-0.00000,-0.00000
9.030,3.07295,-0.00000,-0.00000
9.035,3.07293,-0.00000,-0.00000
9.040,3.07292,-0.00000,-0.00000
9.045,3.07290,-0.00000,-0.00000
9.050,3.07288,-0.00000,-0.00000
9.055,3.07286,-0.00000,-0.00000
9.060,3.07285,-0.00000,-0.00000
9.065,3.07283,-0.00000,-0.00000
9.070,3.07281,-0.00000,-0.00000
9.075,3.07279,-0.00000,-0.00000
9.080,3.07278,-0.00000,-0.00000
9.085,3.07276,-0.00000,-0.00000
9.090,3.07274,-0.00000,-0.00000
9.095,3.07272,-0.00000,-0.00000
9.100,3.07271,-0.00000,-0.00000
9.105,3.07269,-0.00000,-0.00000
9.110,3.07267,-0.00000,-0.00000
9.115,3.07265,-0.00000,-0.00000
9.120,3.07264,-0.00000,-0.00000
9.125,3.07262,-0.00000,-0.00000
9.130,3.07260,-0.00000,-0.00000
9.135,3.07258,-0.00000,-0.00000
9.140,3.07257,-0.00000,-0.00000
9.145,3.07255,-0.00000,-0.00000
9.150,3.07253,-0.00000,-0.00000
9.155,3.07251,-0.00000,-0.00000
9.160,3.07250,-0.00000,-0.00000
9.165,3.07248,-0.00000,-0.00000
9.170,3.07246,-0.00000,-0.00000
9.175,3.07244,-0.00000,-0.00000
9.180,3.07243,-0.00000,-0.00000
9.185,3.07241,-0.00000,-0.00000
9.190,3.07239,-0.00000,-0.00000
9.195,3.07237,-0.00000,-0.00000
9.200,3.07236,-0.00000,-0.00000
9.205,3.07234,-0.00000,-0.00000
9.210,3.07232,-0.00000,-0.00000
9.215,3.07231,-0.00000,-0.00000
9.220,3.07229,-0.00000,-0.00000
9.225,3.07227,-0.00000,-0.00000
9.230,3.07225,-0.00000,-0.00000
9.235,3.07224,-0.00000,-0.00000
9.240,3.07222,-0.00000,-0.00000
9.245,3.07220,-0.00000,-0.00000
9.250,3.07218,-0.00000,-0.00000
9.255,3.07217,-0.00000,-0.00000
9.260,3.07215,-0.00000,-0.00000
9.265,3.07213,-0.00000,-0.00000
9.270,3.07211,-0.00000,-0.00000
9.275,3.07210,-0.00000,-0.00000
9.280,3.07208,-0.00000,-0.00000
9.285,3.07206,-0.00000,-0.00000
9.290,3.07205,-0.00000,-0.00000
9.295,3.07203,-0.00000,-0.00000
9.300,3.07201,-0.00000,-0.00000
9.305,3.07199,-0.00000,-0.00000
9.310,3.07198,-0.00000,-0.00000
9.315,3.07196,-0.00000,-0.00000
9.320,3.07194,-0.00000,-0.00000
9.325,3.07192,-0.00000,-0.00000
9.330,3.07191,-0.00000,-0.00000
9.335,3.07189,-0.00000,-0.00000
9.340,3.07187,-0.00000,-0.00000
9.345,3.07186,-0.00000,-0.00000
9.350,3.07184,-0.00000,-0.00000
9.355,3.07182,-0.00000,-0.00000
9.360,3.07180,-0.00000,-0.00000
9.365,3.07179,-0.00000,-0.00000
9.370,3.07177,-0.00000,-0.00000
9.375,3.07175,-0.00000,-0.00000
9.380,3.07173,-0.00000,-0.00000
9.385,3.07172,-0.00000,-0.00000
9.390,3.07170,-0.00000,-0.00000
9.395,3.07168,-0.00000,-0.00000
9.400,3.07167,-0.00000,-0.00000
9.405,3.07165,-0.00000,-0.00000
9.410,3.07163,-0.00000,-0.00000
9.415,3.07161,-0.00000,-0.00000
9.420,3.07160,-0.00000,-0.00000
9.425,3.07158,-0.00000,-0.00000
9.430,3.07156,-0.00000,-0.00000
9.435,3.07155,-0.00000,-0.00000
9.440,3.07153,-0.00000,-0.00000
9.445,3.07151,-0.00000,-0.00000
9.450,3.07149,-0.00000,-0.00000
9.455,3.07148,-0.00000,-0.00000
9.460,3.07146,-0.00000,-0.00000
9.465,3.07144,-0.00000,-0.00000
9.470,3.07142,-0.00000,-0.00000
9.475,3.07141,-0.00000,-0.00000
9.480,3.07139,-0.00000,-0.00000
9.485,3.07137,-0.00000,-0.00000
9.490,3.07136,-0.00000,-0.00000
9.495,3.07134,-0.00000,-0.00000
9.500,3.07132,-0.00000,-0.00000
9.505,3.07130,-0.00000,-0.00000
9.510,3.07129,-0.00000,-0.00000
9.515,3.07127,-0.00000,-0.00000
9.520,3.07125,-0.00000,-0.00000
9.525,3.07124,-0.00000,-0.00000
9.530,3.07122,-0.00000,-0.00000
9.535,3.07120,-0.00000,-0.00000
9.540,3.07118,-0.00000,-0.00000
9.545,3.07117,-0.00000,-0.00000
9.550,3.07115,-0.00000,-0.00000
9.555,3.07113,-0.00000,-0.00000
9.560,3.07112,-0.00000,-0.00000
9.565,3.07110,-0.00000,-0.00000
9.570,3.07108,-0.00000,-0.00000
9.575,3.07106,-0.00000,-0.00000
9.580,3.07105,-0.00000,-0.00000
9.585,3.07103,-0.00000,-0.00000
9.590,3.07101,-0.00000,-0.00000
9.595,3.07100,-0.00000,-0.00000
9.600,3.07098,-0.00000,-0.00000
9.605,3.07096,-0.00000,-0.00000
9.610,3.07094,-0.00000,-0.00000
9.615,3.07093,-0.00000,-0.00000
9.620,3.07091,-0.00000,-0.00000
9.625,3.07089,-0.00000,-0.00000
9.630,3.07088,-0.00000,-0.00000
9.635,3.07086,-0.00000,-0.00000
9.640,3.07084,-0.00000,-0.00000
9.645,3.07082,-0.00000,-0.00000
9.650,3.07081,-0.00000,-0.00000
9.655,3.07079,-0.00000,-0.00000
9.660,3.07077,-0.00000,-0.00000
9.665,3.07076,-0.00000,-0.00000
9.670,3.07074,-0.00000,-0.00000
9.675,3.07072,-0.00000,-0.00000
9.680,3.07070,-0.00000,-0.00000
9.685,3.07069,-0.00000,-0.00000
9.690,3.07067,-0.00000,-0.00000
9.695,3.07065,-0.00000,-0.00000
9.700,3.07064,-0.00000,-0.00000
9.705,3.07062,-0.00000,-0.00000
9.710,3.07060,-0.00000,-0.00000
9.715,3.07058,-0.00000,-0.00000
9.720,3.07057,-0.00000,-0.00000
9.725,3.07055,-0.00000,-0.00000
9.730,3.07053,-0.00000,-0.00000
9.735,3.07052,-0.00000,-0.00000
9.740,3.07050,-0.00000,-0.00000
9.745,3.07048,-0.00000,-0.00000
9.750,3.07046,-0.00000,-0.00000
9.755,3.07045,-0.00000,-0.00000
9.760,3.07043,-0.00000,-0.00000
9.765,3.07041,-0.00000,-0.00000
9.770,3.07040,-0.00000,-0.00000
9.775,3.07038,-0.00000,-0.00000
9.780,3.07036,-0.00000,-0.00000
9.785,3.07034,-0.00000,-0.00000
9.790,3.07033,-0.00000,-0.00000
9.795,3.07031,-0.00000,-0.00000
9.800,3.07029,-0.00000,-0.00000
9.805,3.07028,-0.00000,-0.00000
9.810,3.07026,-0.00000,-0.00000
9.815,3.07024,-0.00000,-0.00000
9.820,3.07022,-0.00000,-0.00000
9.825,3.07021,-0.00000,-0.00000
9.830,3.07019,-0.00000,-0.00000
9.835,3.07017,-0.00000,-0.00000
9.840,3.07016,-0.00000,-0.00000
9.845,3.07014,-0.00000,-0.00000
9.850,3.07012,-0.00000,-0.00000
9.855,3.07010,-0.00000,-0.00000
9.860,3.07009,-0.00000,-0.00000
9.865,3.07007,-0.00000,-0.00000
9.870,3.07005,-0.00000,-0.00000
9.875,3.07004,-0.00000,-0.00000
9.880,3.07002,-0.00000,-0.00000
9.885,3.07000,-0.00000,-0.00000
9.890,3.06998,-0.00000,-0.00000
9.895,3.06997,-0.00000,-0.00000
9.900,3.06995,-0.00000,-0.00000
9.905,3.06993,-0.00000,-0.00000
9.910,3.06992,-0.00000,-0.00000
9.915,3.06990,-0.00000,-0.00000
9.920,3.06988,-0.00000,-0.00000
9.925,3.06986,-0.00000,-0.00000
9.930,3.06985,-0.00000,-0.00000
9.935,3.06983,-0.00000,-0.00000
9.940,3.06981,-0.00000,-0.00000
9.945,3.06980,-0.00000,-0.00000
9.950,3.06978,-0.00000,-0.00000
9.955,3.06976,-0.00000,-0.00000
9.960,3.06974,-0.00000,-0.00000
9.965,3.06973,-0.00000,-0.00000
9.970,3.06971,-0.00000,-0.00000
9.975,3.06969,-0.00000,-0.00000
9.980,3.06968,-0.00000,-0.00000
9.985,3.06966,-0.00000,-0.00000
9.990,3.06964,-0.00000,-0.00000
9.995,3.06962,-0.00000,-0.00000
10.000,3.06961,-0.00000,-0.00000
10.005,3.06959,-0.00000,-0.00000
10.010,3.06957,-0.00000,-0.00000
10.015,3.06956,-0.00000,-0.00000
10.020,3.06954,-0.00000,-0.00000
10.025,3.06952,-0.00000,-0.00000
10.030,3.06950,-0.00000,-0.00000
10.035,3.06949,-0.00000,-0.00000
10.040,3.06947,-0.00000,-0.00000
10.045,3.06945,-0.00000,-0.00000
10.050,3.06944,-0.00000,-0.00000
10.055,3.06942,-0.00000,-0.00000
10.060,3.06940,-0.00000,-0.00000
10.065,3.06938,-0.00000,-0.00000
10.070,3.06937,-0.00000,-0.00000
10.075,3.06935,-0.00000,-0.00000
10.080,3.06933,-0.00000,-0.00000
10.085,3.06932,-0.00000,-0.00000
10.090,3.06930,-0.00000,-0.00000
10.095,3.06928,-0.00000,-0.00000
10.100,3.06926,-0.00000,-0.00000
10.105,3.06925,-0.00000,-0.00000
10.110,3.06923,-0.00000,-0.00000
10.115,3.06921,-0.00000,-0.00000
10.120,3.06920,-0.00000,-0.00000
10.125,3.06918,-0.00000,-0.00000
10.130,3.06916,-0.00000,-0.00000
10.135,3.06914,-0.00000,-0.00000
10.140,3.06913,-0.00000,-0.00000
10.145,3.06911,-0.00000,-0.00000
10.150,3.06909,-0.00000,-0.00000
10.155,3.06908,-0.00000,-0.00000
10.160,3.06906,-0.00000,-0.00000
10.165,3.06904,-0.00000,-0.00000
10.170,3.06902,-0.00000,-0.00000
10.175,3.06901,-0.00000,-0.00000
10.180,3.06899,-0.00000,-0.00000
10.185,3.06897,-0.00000,-0.00000
10.190,3.06896,-0.00000,-0.00000
10.195,3.06894,-0.00000,-0.00000
10.200,3.06892,-0.00000,-0.00000
10.205,3.06890,-0.00000,-0.00000
10.210,3.06889,-0.00000,-0.00000
10.215,3.06887,-0.00000,-0.00000
10.220,3.06885,-0.00000,-0.00000
10.225,3.06884,-0.00000,-0.00000
10.230,3.06882,-0.00000,-0.00000
10.235,3.06880,-0.00000,-0.00000
10.240,3.06878,-0.00000,-0.00000
10.245,3.06877,-0.00000,-0.00000
10.250,3.06875,-0.00000,-0.00000
10.255,3.06873,-0.00000,-0.00000
10.260,3.06872,-0.00000,-0.00000
10.265,3.06870,-0.00000,-0.00000
10.270,3.06868,-0.00000,-0.00000
10.275,3.06866,-0.00000,-0.00000
10.280,3.06865,-0.00000,-0.00000
10.285,3.06863,-0.00000,-0.00000
10.290,3.06861,-0.00000,-0.00000
10.295,3.06860,-0.00000,-0.00000
10.300,3.06858,-0.00000,-0.00000
10.305,3.06856,-0.00000,-0.00000
10.310,3.06854,-0.00000,-0.00000
10.315,3.06853,-0.00000,-0.00000
10.320,3.06851,-0.00000,-0.00000
10.325,3.06849,-0.00000,-0.00000
10.330,3.06848,-0.00000,-0.00000
10.335,3.06846,-0.00000,-0.00000
10.340,3.06844,-0.00000,-0.00000
10.345,3.06842,-0.00000,-0.00000
10.350,3.06841,-0.00000,-0.00000
10.355,3.06839,-0.00000,-0.00000
10.360,3.06837,-0.00000,-0.00000
10.365,3.06835,-0.00000,-0.00000
10.370,3.06834,-0.00000,-0.00000
10.375,3.06832,-0.00000,-0.00000
10.380,3.06830,-0.00000,-0.00000
10.385,3.06829,-0.00000,-0.00000
10.390,3.06827,-0.00000,-0.00000
10.395,3.06825,-0.00000,-0.00000
10.400,3.06823,-0.00000,-0.00000
10.405,3.06822,-0.00000,-0.00000
10.410,3.06820,-0.00000,-0.00000
10.415,3.06818,-0.00000,-0.00000
10.420,3.06817,-0.00000,-0.00000
10.425,3.06815,-0.00000,-0.00000
10.430,3.06813,-0.00000,-0.00000
10.435,3.06811,-0.00000,-0.00000
10.440,3.06810,-0.00000,-0.00000
10.445,3.06808,-0.00000,-0.00000
10.450,3.06806,-0.00000,-0.00000
10.455,3.06805,-0.00000,-0.00000
10.460,3.06803,-0.00000,-0.00000
10.465,3.06801,-0.00000,-0.00000
10.470,3.06799,-0.00000,-0.00000
10.475,3.06798,-0.00000,-0.00000
10.480,3.06796,-0.00000,-0.00000
10.485,3.06794,-0.00000,-0.00000
10.490,3.06793,-0.00000,-0.00000
10.495,3.06791,-0.00000,-0.00000
10.500,3.06789,-0.00000,-0.00000
10.505,3.06787,-0.00000,-0.00000
10.510,3.06786,-0.00000,-0.00000
10.515,3.06784,-0.00000,-0.00000
10.520,3.06782,-0.00000,-0.00000
10.525,3.06780,-0.00000,-0.00000
10.530,3.06779,-0.00000,-0.00000
10.535,3.06777,-0.00000,-0.00000
10.540,3.06775,-0.00000,-0.00000
10.545,3.06774,-0.00000,-0.00000
10.550,3.06772,-0.00000,-0.00000
10.555,3.06770,-0.00000,-0.00000
10.560,3.06768,-0.00000,-0.00000
10.565,3.06767,-0.00000,-0.00000
10.570,3.06765,-0.00000,-0.00000
10.575,3.06763,-0.00000,-0.00000
10.580,3.06762,-0.00000,-0.00000
10.585,3.06760,-0.00000,-0.00000
10.590,3.06758,-0.00000,-0.00000
10.595,3.06756,-0.00000,-0.00000
10.600,3.06755,-0.00000,-0.00000
10.605,3.06753,-0.00000,-0.00000
10.610,3.06751,-0.00000,-0.00000
10.615,3.06750,-0.00000,-0.00000
10.620,3.06748,-0.00000,-0.00000
10.625,3.06746,-0.00000,-0.00000
10.630,3.06744,-0.00000,-0.00000
10.635,3.06743,-0.00000,-0.00000
10.640,3.06741,-0.00000,-0.00000
10.645,3.06739,-0.00000,-0.00000
10.650,3.06738,-0.00000,-0.00000
10.655,3.06736,-0.00000,-0.00000
10.660,3.06734,-0.00000,-0.00000
10.665,3.06732,-0.00000,-0.00000
10.670,3.06731,-0.00000,-0.00000
10.675,3.06729,-0.00000,-0.00000
10.680,3.06727,-0.00000,-0.00000
10.685,3.06725,-0.00000,-0.00000
10.690,3.06724,-0.00000,-0.00000
10.695,3.06722,-0.00000,-0.00000
10.700,3.06720,-0.00000,-0.00000
10.705,3.06719,-0.00000,-0.00000
10.710,3.06717,-0.00000,-0.00000
10.715,3.06715,-0.00000,-0.00000
10.720,3.06713,-0.00000,-0.00000
10.725,3.06712,-0.00000,-0.00000
10.730,3.06710,-0.00000,-0.00000
10.735,3.06708,-0.00000,-0.00000
10.740,3.06707,-0.00000,-0.00000
10.745,3.06705,-0.00000,-0.00000
10.750,3.06703,-0.00000,-0.00000
10.755,3.06701,-0.00000,-0.00000
10.760,3.06700,-0.00000,-0.00000
10.765,3.06698,-0.00000,-0.00000
10.770,3.06696,-0.00000,-0.00000
10.775,3.06695,-0.00000,-0.00000
10.780,3.06693,-0.00000,-0.00000
10.785,3.06691,-0.00000,-0.00000
10.790,3.06689,-0.00000,-0.00000
10.795,3.06688,-0.00000,-0.00000
10.800,3.06686,-0.00000,-0.00000
10.805,3.06684,-0.00000,-0.00000
10.810,3.06683,-0.00000,-0.00000
10.815,3.06681,-0.00000,-0.00000
10.820,3.06679,-0.00000,-0.00000
10.825,3.06677,-0.00000,-0.00000
10.830,3.06676,-0.00000,-0.00000
10.835,3.06674,-0.00000,-0.00000
10.840,3.06672,-0.00000,-0.00000
10.845,3.06671,-0.00000,-0.00000
10.850,3.06669,-0.00000,-0.00000
10.855,3.06667,-0.00000,-0.00000
10.860,3.06665,-0.00000,-0.00000
10.865,3.06664,-0.00000,-0.00000
10.870,3.06662,-0.00000,-0.00000
10.875,3.06660,-0.00000,-0.00000
10.880,3.06658,-0.00000,-0.00000
10.885,3.06657,-0.00000,-0.00000
10.890,3.06655,-0.00000,-0.00000
10.895,3.06653,-0.00000,-0.00000
10.900,3.06652,-0.00000,-0.00000
10.905,3.06650,-0.00000,-0.00000
10.910,3.06648,-0.00000,-0.00000
10.915,3.06646,-0.00000,-0.00000
10.920,3.06645,-0.00000,-0.00000
10.925,3.06643,-0.00000,-0.00000
10.930,3.06641,-0.00000,-0.00000
10.935,3.06640,-0.00000,-0.00000
10.940,3.06638,-0.00000,-0.00000
10.945,3.06636,-0.00000,-0.00000
10.950,3.06634,-0.00000,-0.00000
10.955,3.06633,-0.00000,-0.00000
10.960,3.06631,-0.00000,-0.00000
10.965,3.06629,-0.00000,-0.00000
10.970,3.06628,-0.00000,-0.00000
10.975,3.06626,-0.00000,-0.00000
10.980,3.06624,-0.00000,-0.00000
10.985,3.06622,-0.00000,-0.00000
10.990,3.06621,-0.00000,-0.00000
10.995,3.06619,-0.00000,-0.00000
11.000,3.06617,-0.00000,-0.00000
11.005,3.06616,-0.00000,-0.00000
11.010,3.06614,-0.00000,-0.00000
11.015,3.06612,-0.00000,-0.00000
11.020,3.06610,-0.00000,-0.00000
11.025,3.06609,-0.00000,-0.00000
11.030,3.06607,-0.00000,-0.00000
11.035,3.06605,-0.00000,-0.00000
11.040,3.06604,-0.00000,-0.00000
11.045,3.06602,-0.00000,-0.00000
11.050,3.06600,-0.00000,-0.00000
11.055,3.06598,-0.00000,-0.00000
11.060,3.06597,-0.00000,-0.00000
11.065,3.06595,-0.00000,-0.00000
11.070,3.06593,-0.00000,-0.00000
11.075,3.06592,-0.00000,-0.00000
11.080,3.06590,-0.00000,-0.00000
11.085,3.06588,-0.00000,-0.00000
11.090,3.06586,-0.00000,-0.00000
11.095,3.06585,-0.00000,-0.00000
11.100,3.06583,-0.00000,-0.00000
11.105,3.06581,-0.00000,-0.00000
11.110,3.06580,-0.00000,-0.00000
11.115,3.06578,-0.00000,-0.00000
11.120,3.06576,-0.00000,-0.00000
11.125,3.06575,-0.00000,-0.00000
11.130,3.06573,-0.00000,-0.00000
11.135,3.06571,-0.00000,-0.00000
11.140,3.06569,-0.00000,-0.00000
11.145,3.06568,-0.00000,-0.00000
11.150,3.06566,-0.00000,-0.00000
11.155,3.06564,-0.00000,-0.00000
11.160,3.06563,-0.00000,-0.00000
11.165,3.06561,-0.00000,-0.00000
11.170,3.06559,-0.00000,-0.00000
11.175,3.06557,-0.00000,-0.00000
11.180,3.06556,-0.00000,-0.00000
11.185,3.06554,-0.00000,-0.00000
11.190,3.06552,-0.00000,-0.00000
11.195,3.06551,-0.00000,-0.00000
11.200,3.06549,-0.00000,-0.00000
11.205,3.06547,-0.00000,-0.00000
11.210,3.06545,-0.00000,-0.00000
11.215,3.06544,-0.00000,-0.00000
11.220,3.06542,-0.00000,-0.00000
11.225,3.06540,-0.00000,-0.00000
11.230,3.06539,-0.00000,-0.00000
11.235,3.06537,-0.00000,-0.00000
11.240,3.06535,-0.00000,-0.00000
11.245,3.06533,-0.00000,-0.00000
11.250,3.06532,-0.00000,-0.00000
11.255,3.06530,-0.00000,-0.00000
11.260,3.06528,-0.00000,-0.00000
11.265,3.06527,-0.00000,-0.00000
11.270,3.06525,-0.00000,-0.00000
11.275,3.06523,-0.00000,-0.00000
11.280,3.06522,-0.00000,-0.00000
11.285,3.06520,-0.00000,-0.00000
11.290,3.06518,-0.00000,-0.00000
11.295,3.06516,-0.00000,-0.00000
11.300,3.06515,-0.00000,-0.00000
11.305,3.06513,-0.00000,-0.00000
11.310,3.06511,-0.00000,-0.00000
11.315,3.06510,-0.00000,-0.00000
11.320,3.06508,-0.00000,-0.00000
11.325,3.06506,-0.00000,-0.00000
11.330,3.06504,-0.00000,-0.00000
11.335,3.06503,-0.00000,-0.00000
11.340,3.06501,-0.00000,-0.00000
11.345,3.06499,-0.00000,-0.00000
11.350,3.06498,-0.00000,-0.00000
11.355,3.06496,-0.00000,-0.00000
11.360,3.06494,-0.00000,-0.00000
11.365,3.06493,-0.00000,-0.00000
11.370,3.06491,-0.00000,-0.00000
11.375,3.06489,-0.00000,-0.00000
11.380,3.06487,-0.00000,-0.00000
11.385,3.06486,-0.00000,-0.00000
11.390,3.06484,-0.00000,-0.00000
11.395,3.06482,-0.00000,-0.00000
11.400,3.06481,-0.00000,-0.00000
11.405,3.06479,-0.00000,-0.00000
11.410,3.06477,-0.00000,-0.00000
11.415,3.06476,-0.00000,-0.00000
11.420,3.06474,-0.00000,-0.00000
11.425,3.06472,-0.00000,-0.00000
11.430,3.06470,-0.00000,-0.00000
11.435,3.06469,-0.00000,-0.00000
11.440,3.06467,-0.00000,-0.00000
11.445,3.06465,-0.00000,-0.00000
11.450,3.06464,-0.00000,-0.00000
11.455,3.06462,-0.00000,-0.00000
11.460,3.06460,-0.00000,-0.00000
11.465,3.06459,-0.00000,-0.00000
11.470,3.06457,-0.00000,-0.00000
11.475,3.06455,-0.00000,-0.00000
11.480,3.06453,-0.00000,-0.00000
11.485,3.06452,-0.00000,-0.00000
11.490,3.06450,-0.00000,-0.00000
11.495,3.06448,-0.00000,-0.00000
11.500,3.06447,-0.00000,-0.00000
11.505,3.06445,-0.00000,-0.00000
11.510,3.06443,-0.00000,-0.00000
11.515,3.06442,-0.00000,-0.00000
11.520,3.06440,-0.00000,-0.00000
11.525,3.06438,-0.00000,-0.00000
11.530,3.06436,-0.00000,-0.00000
11.535,3.06435,-0.00000,-0.00000
11.540,3.06433,-0.00000,-0.00000
11.545,3.06431,-0.00000,-0.00000
11.550,3.06430,-0.00000,-0.00000
11.555,3.06428,-0.00000,-0.00000
11.560,3.06426,-0.00000,-0.00000
11.565,3.06425,-0.00000,-0.00000
11.570,3.06423,-0.00000,-0.00000
11.575,3.06421,-0.00000,-0.00000
11.580,3.06420,-0.00000,-0.00000
11.585,3.06418,-0.00000,-0.00000
11.590,3.06416,-0.00000,-0.00000
11.595,3.06414,-0.00000,-0.00000
11.600,3.06413,-0.00000,-0.00000
11.605,3.06411,-0.00000,-0.00000
11.610,3.06409,-0.00000,-0.00000
11.615,3.06408,-0.00000,-0.00000
11.620,3.06406,-0.00000,-0.00000
11.625,3.06404,-0.00000,-0.00000
11.630,3.06403,-0.00000,-0.00000
11.635,3.06401,-0.00000,-0.00000
11.640,3.06399,-0.00000,-0.00000
11.645,3.06398,-0.00000,-0.00000
11.650,3.06396,-0.00000,-0.00000
11.655,3.06394,-0.00000,-0.00000
11.660,3.06392,-0.00000,-0.00000
11.665,3.06391,-0.00000,-0.00000
11.670,3.06389,-0.00000,-0.00000
11.675,3.06387,-0.00000,-0.00000
11.680,3.06386,-0.00000,-0.00000
11.685,3.06384,-0.00000,-0.00000
11.690,3.06382,-0.00000,-0.00000
11.695,3.06381,-0.00000,-0.00000
11.700,3.06379,-0.00000,-0.00000
11.705,3.06377,-0.00000,-0.00000
11.710,3.06376,-0.00000,-0.00000
11.715,3.06374,-0.00000,-0.00000
11.720,3.06372,-0.00000,-0.00000
11.725,3.06371,-0.00000,-0.00000
11.730,3.06369,-0.00000,-0.00000
11.735,3.06367,-0.00000,-0.00000
11.740,3.06365,-0.00000,-0.00000
11.745,3.06364,-0.00000,-0.00000
11.750,3.06362,-0.00000,-0.00000
11.755,3.06360,-0.00000,-0.00000
11.760,3.06359,-0.00000,-0.00000
11.765,3.06357,-0.00000,-0.00000
11.770,3.06355,-0.00000,-0.00000
11.775,3.06354,-0.00000,-0.00000
11.780,3.06352,-0.00000,-0.00000
11.785,3.06350,-0.00000,-0.00000
11.790,3.06349,-0.00000,-0.00000
11.795,3.06347,-0.00000,-0.00000
11.800,3.06345,-0.00000,-0.00000
11.805,3.06344,-0.00000,-0.00000
11.810,3.06342,-0.00000,-0.00000
11.815,3.06340,-0.00000,-0.00000
11.820,3.06339,-0.00000,-0.00000
11.825,3.06337,-0.00000,-0.00000
11.830,3.06335,-0.00000,-0.00000
11.835,3.06334,-0.00000,-0.00000
11.840,3.06332,-0.00000,-0.00000
11.845,3.06330,-0.00000,-0.00000
11.850,3.06328,-0.00000,-0.00000
11.855,3.06327,-0.00000,-0.00000
11.860,3.06325,-0.00000,-0.00000
11.865,3.06323,-0.00000,-0.00000
11.870,3.06322,-0.00000,-0.00000
11.875,3.06320,-0.00000,-0.00000
11.880,3.06318,-0.00000,-0.00000
11.885,3.06317,-0.00000,-0.00000
11.890,3.06315,-0.00000,-0.00000
11.895,3.06313,-0.00000,-0.00000
11.900,3.06312,-0.00000,-0.00000
11.905,3.06310,-0.00000,-0.00000
11.910,3.06308,-0.00000,-0.00000
11.915,3.06307,-0.00000,-0.00000
11.920,3.06305,-0.00000,-0.00000
11.925,3.06303,-0.00000,-0.00000
11.930,3.06302,-0.00000,-0.00000
11.935,3.06300,-0.00000,-0.00000
11.940,3.06298,-0.00000,-0.00000
11.945,3.06297,-0.00000,-0.00000
11.950,3.06295,-0.00000,-0.00000
11.955,3.06293,-0.00000,-0.00000
11.960,3.06292,-0.00000,-0.00000
11.965,3.06290,-0.00000,-0.00000
11.970,3.06288,-0.00000,-0.00000
11.975,3.06287,-0.00000,-0.00000
11.980,3.06285,-0.00000,-0.00000
11.985,3.06283,-0.00000,-0.00000
11.990,3.06282,-0.00000,-0.00000
11.995,3.06280,-0.00000,-0.00000
12.000,3.06278,-0.00000,-0.00000
12.005,3.06277,-0.00000,-0.00000
12.010,3.06275,-0.00000,-0.00000
12.015,3.06273,-0.00000,-0.00000
12.020,3.06272,-0.00000,-0.00000
12.025,3.06270,-0.00000,-0.00000
12.030,3.06268,-0.00000,-0.00000
12.035,3.06267,-0.00000,-0.00000
12.040,3.06265,-0.00000,-0.00000
12.045,3.06263,-0.00000,-0.00000
12.050,3.06262,-0.00000,-0.00000
12.055,3.06260,-0.00000,-0.00000
12.060,3.06258,-0.00000,-0.00000
12.065,3.06257,-0.00000,-0.00000
12.070,3.06255,-0.00000,-0.00000
12.075,3.06253,-0.00000,-0.00000
12.080,3.06252,-0.00000,-0.00000
12.085,3.06250,-0.00000,-0.00000
12.090,3.06248,-0.00000,-0.00000
12.095,3.06247,-0.00000,-0.00000
12.100,3.06245,-0.00000,-0.00000
12.105,3.06243,-0.00000,-0.00000
12.110,3.06242,-0.00000,-0.00000
12.115,3.06240,-0.00000,-0.00000
12.120,3.06238,-0.00000,-0.00000
12.125,3.06237,-0.00000,-0.00000
12.130,3.06235,-0.00000,-0.00000
12.135,3.06233,-0.00000,-0.00000
12.140,3.06232,-0.00000,-0.00000
12.145,3.06230,-0.00000,-0.00000
12.150,3.06228,-0.00000,-0.00000
12.155,3.06227,-0.00000,-0.00000
12.160,3.06225,-0.00000,-0.00000
12.165,3.06223,-0.00000,-0.00000
12.170,3.06222,-0.00000,-0.00000
12.175,3.06220,-0.00000,-0.00000
12.180,3.06218,-0.00000,-0.00000
12.185,3.06217,-0.00000,-0.00000
12.190,3.06215,-0.00000,-0.00000
12.195,3.06213,-0.00000,-0.00000
12.200,3.06212,-0.00000,-0.00000
12.205,3.06210,-0.00000,-0.00000
12.210,3.06208,-0.00000,-0.00000
12.215,3.06207,-0.00000,-0.00000
12.220,3.06205,-0.00000,-0.00000
12.225,3.06204,-0.00000,-0.00000
12.230,3.06202,-0.00000,-0.00000
12.235,3.06200,-0.00000,-0.00000
12.240,3.06199,-0.00000,-0.00000
12.245,3.06197,-0.00000,-0.00000
12.250,3.06195,-0.00000,-0.00000
12.255,3.06194,-0.00000,-0.00000
12.260,3.06192,-0.00000,-0.00000
12.265,3.06190,-0.00000,-0.00000
12.270,3.06189,-0.00000,-0.00000
12.275,3.06187,-0.00000,-0.00000
12.280,3.06185,-0.00000,-0.00000
12.285,3.06184,-0.00000,-0.00000
12.290,3.06182,-0.00000,-0.00000
12.295,3.06180,-0.00000,-0.00000
12.300,3.06179,-0.00000,-0.00000
12.305,3.06177,-0.00000,-0.00000
12.310,3.06175,-0.00000,-0.00000
12.315,3.06174,-0.00000,-0.00000
12.320,3.06172,-0.00000,-0.00000
12.325,3.06171,-0.00000,-0.00000
12.330,3.06169,-0.00000,-0.00000
12.335,3.06167,-0.00000,-0.00000
12.340,3.06166,-0.00000,-0.00000
12.345,3.06164,-0.00000,-0.00000
12.350,3.06162,-0.00000,-0.00000
12.355,3.06161,-0.00000,-0.00000
12.360,3.06159,-0.00000,-0.00000
12.365,3.06157,-0.00000,-0.00000
12.370,3.06156,-0.00000,-0.00000
12.375,3.06154,-0.00000,-0.00000
12.380,3.06152,-0.00000,-0.00000
12.385,3.06151,-0.00000,-0.00000
12.390,3.06149,-0.00000,-0.00000
12.395,3.06148,-0.00000,-0.00000
12.400,3.06146,-0.00000,-0.00000
12.405,3.06144,-0.00000,-0.00000
12.410,3.06143,-0.00000,-0.00000
12.415,3.06141,-0.00000,-0.00000
12.420,3.06139,-0.00000,-0.00000
12.425,3.06138,-0.00000,-0.00000
12.430,3.06136,-0.00000,-0.00000
12.435,3.06134,-0.00000,-0.00000
12.440,3.06133,-0.00000,-0.00000
12.445,3.06131,-0.00000,-0.00000
12.450,3.06129,-0.00000,-0.00000
12.455,3.06128,-0.00000,-0.00000
12.460,3.06126,-0.00000,-0.00000
12.465,3.06125,-0.00000,-0.00000
12.470,3.06123,-0.00000,-0.00000
12.475,3.06121,-0.00000,-0.00000
12.480,3.06120,-0.00000,-0.00000
12.485,3.06118,-0.00000,-0.00000
12.490,3.06116,-0.00000,-0.00000
12.495,3.06115,-0.00000,-0.00000
12.500,3.06113,-0.00000,-0.00000
12.505,3.06111,-0.00000,-0.00000
12.510,3.06110,-0.00000,-0.00000
12.515,3.06108,-0.00000,-0.00000
12.520,3.06107,-0.00000,-0.00000
12.525,3.06105,-0.00000,-0.00000
12.530,3.06103,-0.00000,-0.00000
12.535,3.06102,-0.00000,-0.00000
12.540,3.06100,-0.00000,-0.00000
12.545,3.06098,-0.00000,-0.00000
12.550,3.06097,-0.00000,-0.00000
12.555,3.06095,-0.00000,-0.00000
12.560,3.06094,-0.00000,-0.00000
12.565,3.06092,-0.00000,-0.00000
12.570,3.06090,-0.00000,-0.00000
12.575,3.06089,-0.00000,-0.00000
12.580,3.06087,-0.00000,-0.00000
12.585,3.06085,-0.00000,-0.00000
12.590,3.06084,-0.00000,-0.00000
12.595,3.06082,-0.00000,-0.00000
12.600,3.06081,-0.00000,-0.00000
12.605,3.06079,-0.00000,-0.00000
12.610,3.06077,-0.00000,-0.00000
12.615,3.06076,-0.00000,-0.00000
12.620,3.06074,-0.00000,-0.00000
12.625,3.06072,-0.00000,-0.00000
12.630,3.06071,-0.00000,-0.00000
12.635,3.06069,-0.00000,-0.00000
12.640,3.06068,-0.00000,-0.00000
12.645,3.06066,-0.00000,-0.00000
12.650,3.06064,-0.00000,-0.00000
12.655,3.06063,-0.00000,-0.00000
12.660,3.06061,-0.00000,-0.00000
12.665,3.06059,-0.00000,-0.00000
12.670,3.06058,-0.00000,-0.00000
12.675,3.06056,-0.00000,-0.00000
12.680,3.06055,-0.00000,-0.00000
12.685,3.06053,-0.00000,-0.00000
12.690,3.06051,-0.00000,-0.00000
12.695,3.06050,-0.00000,-0.00000
12.700,3.06048,-0.00000,-0.00000
12.705,3.06046,-0.00000,-0.00000
12.710,3.06045,-0.00000,-0.00000
12.715,3.06043,-0.00000,-0.00000
12.720,3.06042,-0.00000,-0.00000
12.725,3.06040,-0.00000,-0.00000
12.730,3.06038,-0.00000,-0.00000
12.735,3.06037,-0.00000,-0.00000
12.740,3.06035,-0.00000,-0.00000
12.745,3.06034,-0.00000,-0.00000
12.750,3.06032,-0.00000,-0.00000
12.755,3.06030,-0.00000,-0.00000
12.760,3.06029,-0.00000,-0.00000
12.765,3.06027,-0.00000,-0.00000
12.770,3.06025,-0.00000,-0.00000
12.775,3.06024,-0.00000,-0.00000
12.780,3.06022,-0.00000,-0.00000
12.785,3.06021,-0.00000,-0.00000
12.790,3.06019,-0.00000,-0.00000
12.795,3.06017,-0.00000,-0.00000
12.800,3.06016,-0.00000,-0.00000
12.805,3.06014,-0.00000,-0.00000
12.810,3.06013,-0.00000,-0.00000
12.815,3.06011,-0.00000,-0.00000
12.820,3.06009,-0.00000,-0.00000
12.825,3.06008,-0.00000,-0.00000
12.830,3.06006,-0.00000,-0.00000
12.835,3.06005,-0.00000,-0.00000
12.840,3.06003,-0.00000,-0.00000
12.845,3.06001,-0.00000,-0.00000
12.850,3.06000,-0.00000,-0.00000
12.855,3.05998,-0.00000,-0.00000
12.860,3.05997,-0.00000,-0.00000
12.865,3.05995,-0.00000,-0.00000
12.870,3.05993,-0.00000,-0.00000
12.875,3.05992,-0.00000,-0.00000
12.880,3.05990,-0.00000,-0.00000
12.885,3.05989,-0.00000,-0.00000
12.890,3.05987,-0.00000,-0.00000
12.895,3.05985,-0.00000,-0.00000
12.900,3.05984,-0.00000,-0.00000
12.905,3.05982,-0.00000,-0.00000
12.910,3.05981,-0.00000,-0.00000
12.915,3.05979,-0.00000,-0.00000
12.920,3.05977,-0.00000,-0.00000
12.925,3.05976,-0.00000,-0.00000
12.930,3.05974,-0.00000,-0.00000
12.935,3.05973,-0.00000,-0.00000
12.940,3.05971,-0.00000,-0.00000
12.945,3.05969,-0.00000,-0.00000
12.950,3.05968,-0.00000,-0.00000
12.955,3.05966,-0.00000,-0.00000
12.960,3.05965,-0.00000,-0.00000
12.965,3.05963,-0.00000,-0.00000
12.970,3.05961,-0.00000,-0.00000
12.975,3.05960,-0.00000,-0.00000
12.980,3.05958,-0.00000,-0.00000
12.985,3.05957,-0.00000,-0.00000
12.990,3.05955,-0.00000,-0.00000
12.995,3.05953,-0.00000,-0.00000
13.000,3.05952,-0.00000,-0.00000
13.005,3.05950,-0.00000,-0.00000
13.010,3.05949,-0.00000,-0.00000
13.015,3.05947,-0.00000,-0.00000
13.020,3.05945,-0.00000,-0.00000
13.025,3.05944,-0.00000,-0.00000
13.030,3.05942,-0.00000,-0.00000
13.035,3.05941,-0.00000,-0.00000
13.040,3.05939,-0.00000,-0.00000
13.045,3.05937,-0.00000,-0.00000
13.050,3.05936,-0.00000,-0.00000
13.055,3.05934,-0.00000,-0.00000
13.060,3.05933,-0.00000,-0.00000
13.065,3.05931,-0.00000,-0.00000
13.070,3.05929,-0.00000,-0.00000
13.075,3.05928,-0.00000,-0.00000
13.080,3.05926,-0.00000,-0.00000
13.085,3.05925,-0.00000,-0.00000
13.090,3.05923,-0.00000,-0.00000
13.095,3.05922,-0.00000,-0.00000
13.100,3.05920,-0.00000,-0.00000
13.105,3.05918,-0.00000,-0.00000
13.110,3.05917,-0.00000,-0.00000
13.115,3.05915,-0.00000,-0.00000
13.120,3.05914,-0.00000,-0.00000
13.125,3.05912,-0.00000,-0.00000
13.130,3.05910,-0.00000,-0.00000
13.135,3.05909,-0.00000,-0.00000
13.140,3.05907,-0.00000,-0.00000
13.145,3.05906,-0.00000,-0.00000
13.150,3.05904,-0.00000,-0.00000
13.155,3.05903,-0.00000,-0.00000
13.160,3.05901,-0.00000,-0.00000
13.165,3.05899,-0.00000,-0.00000
13.170,3.05898,-0.00000,-0.00000
13.175,3.05896,-0.00000,-0.00000
13.180,3.05895,-0.00000,-0.00000
13.185,3.05893,-0.00000,-0.00000
13.190,3.05891,-0.00000,-0.00000
13.195,3.05890,-0.00000,-0.00000
13.200,3.05888,-0.00000,-0.00000
13.205,3.05887,-0.00000,-0.00000
13.210,3.05885,-0.00000,-0.00000
13.215,3.05884,-0.00000,-0.00000
13.220,3.05882,-0.00000,-0.00000
13.225,3.05880,-0.00000,-0.00000
13.230,3.05879,-0.00000,-0.00000
13.235,3.05877,-0.00000,-0.00000
13.240,3.05876,-0.00000,-0.00000
13.245,3.05874,-0.00000,-0.00000
13.250,3.05873,-0.00000,-0.00000
13.255,3.05871,-0.00000,-0.00000
13.260,3.05869,-0.00000,-0.00000
13.265,3.05868,-0.00000,-0.00000
13.270,3.05866,-0.00000,-0.00000
13.275,3.05865,-0.00000,-0.00000
13.280,3.05863,-0.00000,-0.00000
13.285,3.05862,-0.00000,-0.00000
13.290,3.05860,-0.00000,-0.00000
13.295,3.05858,-0.00000,-0.00000
13.300,3.05857,-0.00000,-0.00000
13.305,3.05855,-0.00000,-0.00000
13.310,3.05854,-0.00000,-0.00000
13.315,3.05852,-0.00000,-0.00000
13.320,3.05851,-0.00000,-0.00000
13.325,3.05849,-0.00000,-0.00000
13.330,3.05847,-0.00000,-0.00000
13.335,3.05846,-0.00000,-0.00000
13.340,3.05844,-0.00000,-0.00000
13.345,3.05843,-0.00000,-0.00000
13.350,3.05841,-0.00000,-0.00000
13.355,3.05840,-0.00000,-0.00000
13.360,3.05838,-0.00000,-0.00000
13.365,3.05837,-0.00000,-0.00000
13.370,3.05835,-0.00000,-0.00000
13.375,3.05833,-0.00000,-0.00000
13.380,3.05832,-0.00000,-0.00000
13.385,3.05830,-0.00000,-0.00000
13.390,3.05829,-0.00000,-0.00000
13.395,3.05827,-0.00000,-0.00000
13.400,3.05826,-0.00000,-0.00000
13.405,3.05824,-0.00000,-0.00000
13.410,3.05822,-0.00000,-0.00000
13.415,3.05821,-0.00000,-0.00000
13.420,3.05819,-0.00000,-0.00000
13.425,3.05818,-0.00000,-0.00000
13.430,3.05816,-0.00000,-0.00000
13.435,3.05815,-0.00000,-0.00000
13.440,3.05813,-0.00000,-0.00000
13.445,3.05812,-0.00000,-0.00000
13.450,3.05810,-0.00000,-0.00000
13.455,3.05808,-0.00000,-0.00000
13.460,3.05807,-0.00000,-0.00000
13.465,3.05805,-0.00000,-0.00000
13.470,3.05804,-0.00000,-0.00000
13.475,3.05802,-0.00000,-0.00000
13.480,3.05801,-0.00000,-0.00000
13.485,3.05799,-0.00000,-0.00000
13.490,3.05798,-0.00000,-0.00000
13.495,3.05796,-0.00000,-0.00000
13.500,3.05794,-0.00000,-0.00000
13.505,3.05793,-0.00000,-0.00000
13.510,3.05791,-0.00000,-0.00000
13.515,3.05790,-0.00000,-0.00000
13.520,3.05788,-0.00000,-0.00000
13.525,3.05787,-0.00000,-0.00000
13.530,3.05785,-0.00000,-0.00000
13.535,3.05784,-0.00000,-0.00000
13.540,3.05782,-0.00000,-0.00000
13.545,3.05780,-0.00000,-0.00000
13.550,3.05779,-0.00000,-0.00000
13.555,3.05777,-0.00000,-0.00000
13.560,3.05776,-0.00000,-0.00000
13.565,3.05774,-0.00000,-0.00000
13.570,3.05773,-0.00000,-0.00000
13.575,3.05771,-0.00000,-0.00000
13.580,3.05770,-0.00000,-0.00000
13.585,3.05768,-0.00000,-0.00000
13.590,3.05767,-0.00000,-0.00000
13.595,3.05765,-0.00000,-0.00000
13.600,3.05763,-0.00000,-0.00000
13.605,3.05762,-0.00000,-0.00000
13.610,3.05760,-0.00000,-0.00000
13.615,3.05759,-0.00000,-0.00000
13.620,3.05757,-0.00000,-0.00000
13.625,3.05756,-0.00000,-0.00000
13.630,3.05754,-0.00000,-0.00000
13.635,3.05753,-0.00000,-0.00000
13.640,3.05751,-0.00000,-0.00000
13.645,3.05750,-0.00000,-0.00000
13.650,3.05748,-0.00000,-0.00000
13.655,3.05747,-0.00000,-0.00000
13.660,3.05745,-0.00000,-0.00000
13.665,3.05743,-0.00000,-0.00000
13.670,3.05742,-0.00000,-0.00000
13.675,3.05740,-0.00000,-0.00000
13.680,3.05739,-0.00000,-0.00000
13.685,3.05737,-0.00000,-0.00000
13.690,3.05736,-0.00000,-0.00000
13.695,3.05734,-0.00000,-0.00000
13.700,3.05733,-0.00000,-0.00000
13.705,3.05731,-0.00000,-0.00000
13.710,3.05730,-0.00000,-0.00000
13.715,3.05728,-0.00000,-0.00000
13.720,3.05727,-0.00000,-0.00000
13.725,3.05725,-0.00000,-0.00000
13.730,3.05723,-0.00000,-0.00000
13.735,3.05722,-0.00000,-0.00000
13.740,3.05720,-0.00000,-0.00000
13.745,3.05719,-0.00000,-0.00000
13.750,3.05717,-0.00000,-0.00000
13.755,3.05716,-0.00000,-0.00000
13.760,3.05714,-0.00000,-0.00000
13.765,3.05713,-0.00000,-0.00000
13.770,3.05711,-0.00000,-0.00000
13.775,3.05710,-0.00000,-0.00000
13.780,3.05708,-0.00000,-0.00000
13.785,3.05707,-0.00000,-0.00000
13.790,3.05705,-0.00000,-0.00000
13.795,3.05704,-0.00000,-0.00000
13.800,3.05702,-0.00000,-0.00000
13.805,3.05701,-0.00000,-0.00000
13.810,3.05699,-0.00000,-0.00000
13.815,3.05697,-0.00000,-0.00000
13.820,3.05696,-0.00000,-0.00000
13.825,3.05694,-0.00000,-0.00000
13.830,3.05693,-0.00000,-0.00000
13.835,3.05691,-0.00000,-0.00000
13.840,3.05690,-0.00000,-0.00000
13.845,3.05688,-0.00000,-0.00000
13.850,3.05687,-0.00000,-0.00000
13.855,3.05685,-0.00000,-0.00000
13.860,3.05684,-0.00000,-0.00000
13.865,3.05682,-0.00000,-0.00000
13.870,3.05681,-0.00000,-0.00000
13.875,3.05679,-0.00000,-0.00000
13.880,3.05678,-0.00000,-0.00000
13.885,3.05676,-0.00000,-0.00000
13.890,3.05675,-0.00000,-0.00000
13.895,3.05673,-0.00000,-0.00000
13.900,3.05672,-0.00000,-0.00000
13.905,3.05670,-0.00000,-0.00000
13.910,3.05669,-0.00000,-0.00000
13.915,3.05667,-0.00000,-0.00000
13.920,3.05666,-0.00000,-0.00000
13.925,3.05664,-0.00000,-0.00000
13.930,3.05662,-0.00000,-0.00000
13.935,3.05661,-0.00000,-0.00000
13.940,3.05659,-0.00000,-0.00000
13.945,3.05658,-0.00000,-0.00000
13.950,3.05656,-0.00000,-0.00000
13.955,3.05655,-0.00000,-0.00000
13.960,3.05653,-0.00000,-0.00000
13.965,3.05652,-0.00000,-0.00000
13.970,3.05650,-0.00000,-0.00000
13.975,3.05649,-0.00000,-0.00000
13.980,3.05647,-0.00000,-0.00000
13.985,3.05646,-0.00000,-0.00000
13.990,3.05644,-0.00000,-0.00000
13.995,3.05643,-0.00000,-0.00000
14.000,3.05641,-0.00000,-0.00000
14.005,3.05640,-0.00000,-0.00000
14.010,3.05638,-0.00000,-0.00000
14.015,3.05637,-0.00000,-0.00000
14.020,3.05635,-0.00000,-0.00000
14.025,3.05634,-0.00000,-0.00000
14.030,3.05632,-0.00000,-0.00000
14.035,3.05631,-0.00000,-0.00000
14.040,3.05629,-0.00000,-0.00000
14.045,3.05628,-0.00000,-0.00000
14.050,3.05626,-0.00000,-0.00000
14.055,3.05625,-0.00000,-0.00000
14.060,3.05623,-0.00000,-0.00000
14.065,3.05622,-0.00000,-0.00000
14.070,3.05620,-0.00000,-0.00000
14.075,3.05619,-0.00000,-0.00000
14.080,3.05617,-0.00000,-0.00000
14.085,3.05616,-0.00000,-0.00000
14.090,3.05614,-0.00000,-0.00000
14.095,3.05613,-0.00000,-0.00000
14.100,3.05611,-0.00000,-0.00000
14.105,3.05610,-0.00000,-0.00000
14.110,3.05608,-0.00000,-0.00000
14.115,3.05607,-0.00000,-0.00000
14.120,3.05605,-0.00000,-0.00000
14.125,3.05604,-0.00000,-0.00000
14.130,3.05602,-0.00000,-0.00000
14.135,3.05601,-0.00000,-0.00000
14.140,3.05599,-0.00000,-0.00000
14.145,3.05598,-0.00000,-0.00000
14.150,3.05596,-0.00000,-0.00000
14.155,3.05595,-0.00000,-0.00000
14.160,3.05593,-0.00000,-0.00000
14.165,3.05592,-0.00000,-0.00000
14.170,3.05590,-0.00000,-0.00000
14.175,3.05589,-0.00000,-0.00000
14.180,3.05587,-0.00000,-0.00000
14.185,3.05586,-0.00000,-0.00000
14.190,3.05584,-0.00000,-0.00000
14.195,3.05583,-0.00000,-0.00000
14.200,3.05581,-0.00000,-0.00000
14.205,3.05580,-0.00000,-0.00000
14.210,3.05578,-0.00000,-0.00000
14.215,3.05577,-0.00000,-0.00000
14.220,3.05575,-0.00000,-0.00000
14.225,3.05574,-0.00000,-0.00000
14.230,3.05572,-0.00000,-0.00000
14.235,3.05571,-0.00000,-0.00000
14.240,3.05569,-0.00000,-0.00000
14.245,3.05568,-0.00000,-0.00000
14.250,3.05566,-0.00000,-0.00000
14.255,3.05565,-0.00000,-0.00000
14.260,3.05563,-0.00000,-0.00000
14.265,3.05562,-0.00000,-0.00000
14.270,3.05560,-0.00000,-0.00000
14.275,3.05559,-0.00000,-0.00000
14.280,3.05557,-0.00000,-0.00000
14.285,3.05556,-0.00000,-0.00000
14.290,3.05554,-0.00000,-0.00000
14.295,3.05553,-0.00000,-0.00000
14.300,3.05551,-0.00000,-0.00000
14.305,3.05550,-0.00000,-0.00000
14.310,3.05548,-0.00000,-0.00000
14.315,3.05547,-0.00000,-0.00000
14.320,3.05545,-0.00000,-0.00000
14.325,3.05544,-0.00000,-0.00000
14.330,3.05542,-0.00000,-0.00000
14.335,3.05541,-0.00000,-0.00000
14.340,3.05539,-0.00000,-0.00000
14.345,3.05538,-0.00000,-0.00000
14.350,3.05537,-0.00000,-0.00000
14.355,3.05535,-0.00000,-0.00000
14.360,3.05534,-0.00000,-0.00000
14.365,3.05532,-0.00000,-0.00000
14.370,3.05531,-0.00000,-0.00000
14.375,3.05529,-0.00000,-0.00000
14.380,3.05528,-0.00000,-0.00000
14.385,3.05526,-0.00000,-0.00000
14.390,3.05525,-0.00000,-0.00000
14.395,3.05523,-0.00000,-0.00000
14.400,3.05522,-0.00000,-0.00000
14.405,3.05520,-0.00000,-0.00000
14.410,3.05519,-0.00000,-0.00000
14.415,3.05517,-0.00000,-0.00000
14.420,3.05516,-0.00000,-0.00000
14.425,3.05514,-0.00000,-0.00000
14.430,3.05513,-0.00000,-0.00000
14.435,3.05511,-0.00000,-0.00000
14.440,3.05510,-0.00000,-0.00000
14.445,3.05508,-0.00000,-0.00000
14.450,3.05507,-0.00000,-0.00000
14.455,3.05505,-0.00000,-0.00000
14.460,3.05504,-0.00000,-0.00000
14.465,3.05503,-0.00000,-0.00000
14.470,3.05501,-0.00000,-0.00000
14.475,3.05500,-0.00000,-0.00000
14.480,3.05498,-0.00000,-0.00000
14.485,3.05497,-0.00000,-0.00000
14.490,3.05495,-0.00000,-0.00000
14.495,3.05494,-0.00000,-0.00000
14.500,3.05492,-0.00000,-0.00000
14.505,3.05491,-0.00000,-0.00000
14.510,3.05489,-0.00000,-0.00000
14.515,3.05488,-0.00000,-0.00000
14.520,3.05486,-0.00000,-0.00000
14.525,3.05485,-0.00000,-0.00000
14.530,3.05483,-0.00000,-0.00000
14.535,3.05482,-0.00000,-0.00000
14.540,3.05480,-0.00000,-0.00000
14.545,3.05479,-0.00000,-0.00000
14.550,3.05478,-0.00000,-0.00000
14.555,3.05476,-0.00000,-0.00000
14.560,3.05475,-0.00000,-0.00000
14.565,3.05473,-0.00000,-0.00000
14.570,3.05472,-0.00000,-0.00000
14.575,3.05470,-0.00000,-0.00000
14.580,3.05469,-0.00000,-0.00000
14.585,3.05467,-0.00000,-0.00000
14.590,3.05466,-0.00000,-0.00000
14.595,3.05464,-0.00000,-0.00000
14.600,3.05463,-0.00000,-0.00000
14.605,3.05461,-0.00000,-0.00000
14.610,3.05460,-0.00000,-0.00000
14.615,3.05459,-0.00000,-0.00000
14.620,3.05457,-0.00000,-0.00000
14.625,3.05456,-0.00000,-0.00000
14.630,3.05454,-0.00000,-0.00000
14.635,3.05453,-0.00000,-0.00000
14.640,3.05451,-0.00000,-0.00000
14.645,3.05450,-0.00000,-0.00000
14.650,3.05448,-0.00000,-0.00000
14.655,3.05447,-0.00000,-0.00000
14.660,3.05445,-0.00000,-0.00000
14.665,3.05444,-0.00000,-0.00000
14.670,3.05442,-0.00000,-0.00000
14.675,3.05441,-0.00000,-0.00000
14.680,3.05440,-0.00000,-0.00000
14.685,3.05438,-0.00000,-0.00000
14.690,3.05437,-0.00000,-0.00000
14.695,3.05435,-0.00000,-0.00000
14.700,3.05434,-0.00000,-0.00000
14.705,3.05432,-0.00000,-0.00000
14.710,3.05431,-0.00000,-0.00000
14.715,3.05429,-0.00000,-0.00000
14.720,3.05428,-0.00000,-0.00000
14.725,3.05426,-0.00000,-0.00000
14.730,3.05425,-0.00000,-0.00000
14.735,3.05424,-0.00000,-0.00000
14.740,3.05422,-0.00000,-0.00000
14.745,3.05421,-0.00000,-0.00000
14.750,3.05419,-0.00000,-0.00000
14.755,3.05418,-0.00000,-0.00000
14.760,3.05416,-0.00000,-0.00000
14.765,3.05415,-0.00000,-0.00000
14.770,3.05413,-0.00000,-0.00000
14.775,3.05412,-0.00000,-0.00000
14.780,3.05411,-0.00000,-0.00000
14.785,3.05409,-0.00000,-0.00000
14.790,3.05408,-0.00000,-0.00000
14.795,3.05406,-0.00000,-0.00000
14.800,3.05405,-0.00000,-0.00000
14.805,3.05403,-0.00000,-0.00000
14.810,3.05402,-0.00000,-0.00000
14.815,3.05400,-0.00000,-0.00000
14.820,3.05399,-0.00000,-0.00000
14.825,3.05398,-0.00000,-0.00000
14.830,3.05396,-0.00000,-0.00000
14.835,3.05395,-0.00000,-0.00000
14.840,3.05393,-0.00000,-0.00000
14.845,3.05392,-0.00000,-0.00000
14.850,3.05390,-0.00000,-0.00000
14.855,3.05389,-0.00000,-0.00000
14.860,3.05387,-0.00000,-0.00000
14.865,3.05386,-0.00000,-0.00000
14.870,3.05385,-0.00000,-0.00000
14.875,3.05383,-0.00000,-0.00000
14.880,3.05382,-0.00000,-0.00000
14.885,3.05380,-0.00000,-0.00000
14.890,3.05379,-0.00000,-0.00000
14.895,3.05377,-0.00000,-0.00000
14.900,3.05376,-0.00000,-0.00000
14.905,3.05374,-0.00000,-0.00000
14.910,3.05373,-0.00000,-0.00000
14.915,3.05372,-0.00000,-0.00000
14.920,3.05370,-0.00000,-0.00000
14.925,3.05369,-0.00000,-0.00000
14.930,3.05367,-0.00000,-0.00000
14.935,3.05366,-0.00000,-0.00000
14.940,3.05364,-0.00000,-0.00000
14.945,3.05363,-0.00000,-0.00000
14.950,3.05362,-0.00000,-0.00000
14.955,3.05360,-0.00000,-0.00000
14.960,3.05359,-0.00000,-0.00000
14.965,3.05357,-0.00000,-0.00000
14.970,3.05356,-0.00000,-0.00000
14.975,3.05354,-0.00000,-0.00000
14.980,3.05353,-0.00000,-0.00000
14.985,3.05351,-0.00000,-0.00000
14.990,3.05350,-0.00000,-0.00000
14.995,3.05349,-0.00000,-0.00000
15.000,3.05347,-0.00000,-0.00000
15.005,3.05346,-0.00000,-0.00000
15.010,3.05344,-0.00000,-0.00000
15.015,3.05343,-0.00000,-0.00000
15.020,3.05341,-0.00000,-0.00000
15.025,3.05340,-0.00000,-0.00000
15.030,3.05339,-0.00000,-0.00000
15.035,3.05337,-0.00000,-0.00000
15.040,3.05336,-0.00000,-0.00000
15.045,3.05334,-0.00000,-0.00000
15.050,3.05333,-0.00000,-0.00000
15.055,3.05331,-0.00000,-0.00000
15.060,3.05330,-0.00000,-0.00000
15.065,3.05329,-0.00000,-0.00000
15.070,3.05327,-0.00000,-0.00000
15.075,3.05326,-0.00000,-0.00000
15.080,3.05324,-0.00000,-0.00000
15.085,3.05323,-0.00000,-0.00000
15.090,3.05321,-0.00000,-0.00000
15.095,3.05320,-0.00000,-0.00000
15.100,3.05319,-0.00000,-0.00000
15.105,3.05317,-0.00000,-0.00000
15.110,3.05316,-0.00000,-0.00000
15.115,3.05314,-0.00000,-0.00000
15.120,3.05313,-0.00000,-0.00000
15.125,3.05312,-0.00000,-0.00000
15.130,3.05310,-0.00000,-0.00000
15.135,3.05309,-0.00000,-0.00000
15.140,3.05307,-0.00000,-0.00000
15.145,3.05306,-0.00000,-0.00000
15.150,3.05304,-0.00000,-0.00000
15.155,3.05303,-0.00000,-0.00000
15.160,3.05302,-0.00000,-0.00000
15.165,3.05300,-0.00000,-0.00000
15.170,3.05299,-0.00000,-0.00000
15.175,3.05297,-0.00000,-0.00000
15.180,3.05296,-0.00000,-0.00000
15.185,3.05295,-0.00000,-0.00000
15.190,3.05293,-0.00000,-0.00000
15.195,3.05292,-0.00000,-0.00000
15.200,3.05290,-0.00000,-0.00000
15.205,3.05289,-0.00000,-0.00000
15.210,3.05287,-0.00000,-0.00000
15.215,3.05286,-0.00000,-0.00000
15.220,3.05285,-0.00000,-0.00000
15.225,3.05283,-0.00000,-0.00000
15.230,3.05282,-0.00000,-0.00000
15.235,3.05280,-0.00000,-0.00000
15.240,3.05279,-0.00000,-0.00000
15.245,3.05278,-0.00000,-0.00000
15.250,3.05276,-0.00000,-0.00000
15.255,3.05275,-0.00000,-0.00000
15.260,3.05273,-0.00000,-0.00000
15.265,3.05272,-0.00000,-0.00000
15.270,3.05270,-0.00000,-0.00000
15.275,3.05269,-0.00000,-0.00000
15.280,3.05268,-0.00000,-0.00000
15.285,3.05266,-0.00000,-0.00000
15.290,3.05265,-0.00000,-0.00000
15.295,3.05263,-0.00000,-0.00000
15.300,3.05262,-0.00000,-0.00000
15.305,3.05261,-0.00000,-0.00000
15.310,3.05259,-0.00000,-0.00000
15.315,3.05258,-0.00000,-0.00000
15.320,3.05256,-0.00000,-0.00000
15.325,3.05255,-0.00000,-0.00000
15.330,3.05254,-0.00000,-0.00000
15.335,3.05252,-0.00000,-0.00000
15.340,3.05251,-0.00000,-0.00000
15.345,3.05249,-0.00000,-0.00000
15.350,3.05248,-0.00000,-0.00000
15.355,3.05247,-0.00000,-0.00000
15.360,3.05245,-0.00000,-0.00000
15.365,3.05244,-0.00000,-0.00000
15.370,3.05242,-0.00000,-0.00000
15.375,3.05241,-0.00000,-0.00000
15.380,3.05240,-0.00000,-0.00000
15.385,3.05238,-0.00000,-0.00000
15.390,3.05237,-0.00000,-0.00000
15.395,3.05235,-0.00000,-0.00000
15.400,3.05234,-0.00000,-0.00000
15.405,3.05233,-0.00000,-0.00000
15.410,3.05231,-0.00000,-0.00000
15.415,3.05230,-0.00000,-0.00000
15.420,3.05228,-0.00000,-0.00000
15.425,3.05227,-0.00000,-0.00000
15.430,3.05226,-0.00000,-0.00000
15.435,3.05224,-0.00000,-0.00000
15.440,3.05223,-0.00000,-0.00000
15.445,3.05221,-0.00000,-0.00000
15.450,3.05220,-0.00000,-0.00000
15.455,3.05219,-0.00000,-0.00000
15.460,3.05217,-0.00000,-0.00000
15.465,3.05216,-0.00000,-0.00000
15.470,3.05214,-0.00000,-0.00000
15.475,3.05213,-0.00000,-0.00000
15.480,3.05212,-0.00000,-0.00000
15.485,3.05210,-0.00000,-0.00000
15.490,3.05209,-0.00000,-0.00000
15.495,3.05207,-0.00000,-0.00000
15.500,3.05206,-0.00000,-0.00000
15.505,3.05205,-0.00000,-0.00000
15.510,3.05203,-0.00000,-0.00000
15.515,3.05202,-0.00000,-0.00000
15.520,3.05200,-0.00000,-0.00000
15.525,3.05199,-0.00000,-0.00000
15.530,3.05198,-0.00000,-0.00000
15.535,3.05196,-0.00000,-0.00000
15.540,3.05195,-0.00000,-0.00000
15.545,3.05194,-0.00000,-0.00000
15.550,3.05192,-0.00000,-0.00000
15.555,3.05191,-0.00000,-0.00000
15.560,3.05189,-0.00000,-0.00000
15.565,3.05188,-0.00000,-0.00000
15.570,3.05187,-0.00000,-0.00000
15.575,3.05185,-0.00000,-0.00000
15.580,3.05184,-0.00000,-0.00000
15.585,3.05182,-0.00000,-0.00000
15.590,3.05181,-0.00000,-0.00000
15.595,3.05180,-0.00000,-0.00000
15.600,3.05178,-0.00000,-0.00000
15.605,3.05177,-0.00000,-0.00000
15.610,3.05175,-0.00000,-0.00000
15.615,3.05174,-0.00000,-0.00000
15.620,3.05173,-0.00000,-0.00000
15.625,3.05171,-0.00000,-0.00000
15.630,3.05170,-0.00000,-0.00000
15.635,3.05169,-0.00000,-0.00000
15.640,3.05167,-0.00000,-0.00000
15.645,3.05166,-0.00000,-0.00000
15.650,3.05164,-0.00000,-0.00000
15.655,3.05163,-0.00000,-0.00000
15.660,3.05162,-0.00000,-0.00000
15.665,3.05160,-0.00000,-0.00000
15.670,3.05159,-0.00000,-0.00000
15.675,3.05158,-0.00000,-0.00000
15.680,3.05156,-0.00000,-0.00000
15.685,3.05155,-0.00000,-0.00000
15.690,3.05153,-0.00000,-0.00000
15.695,3.05152,-0.00000,-0.00000
15.700,3.05151,-0.00000,-0.00000
15.705,3.05149,-0.00000,-0.00000
15.710,3.05148,-0.00000,-0.00000
15.715,3.05147,-0.00000,-0.00000
15.720,3.05145,-0.00000,-0.00000
15.725,3.05144,-0.00000,-0.00000
15.730,3.05142,-0.00000,-0.00000
15.735,3.05141,-0.00000,-0.00000
15.740,3.05140,-0.00000,-0.00000
15.745,3.05138,-0.00000,-0.00000
15.750,3.05137,-0.00000,-0.00000
15.755,3.05136,-0.00000,-0.00000
15.760,3.05134,-0.00000,-0.00000
15.765,3.05133,-0.00000,-0.00000
15.770,3.05131,-0.00000,-0.00000
15.775,3.05130,-0.00000,-0.00000
15.780,3.05129,-0.00000,-0.00000
15.785,3.05127,-0.00000,-0.00000
15.790,3.05126,-0.00000,-0.00000
15.795,3.05125,-0.00000,-0.00000
15.800,3.05123,-0.00000,-0.00000
15.805,3.05122,-0.00000,-0.00000
15.810,3.05120,-0.00000,-0.00000
15.815,3.05119,-0.00000,-0.00000
15.820,3.05118,-0.00000,-0.00000
15.825,3.05116,-0.00000,-0.00000
15.830,3.05115,-0.00000,-0.00000
15.835,3.05114,-0.00000,-0.00000
15.840,3.05112,-0.00000,-0.00000
15.845,3.05111,-0.00000,-0.00000
15.850,3.05109,-0.00000,-0.00000
15.855,3.05108,-0.00000,-0.00000
15.860,3.05107,-0.00000,-0.00000
15.865,3.05105,-0.00000,-0.00000
15.870,3.05104,-0.00000,-0.00000
15.875,3.05103,-0.00000,-0.00000
15.880,3.05101,-0.00000,-0.00000
15.885,3.05100,-0.00000,-0.00000
15.890,3.05099,-0.00000,-0.00000
15.895,3.05097,-0.00000,-0.00000
15.900,3.05096,-0.00000,-0.00000
15.905,3.05094,-0.00000,-0.00000
15.910,3.05093,-0.00000,-0.00000
15.915,3.05092,-0.00000,-0.00000
15.920,3.05090,-0.00000,-0.00000
15.925,3.05089,-0.00000,-0.00000
15.930,3.05088,-0.00000,-0.00000
15.935,3.05086,-0.00000,-0.00000
15.940,3.05085,-0.00000,-0.00000
15.945,3.05084,-0.00000,-0.00000
15.950,3.05082,-0.00000,-0.00000
15.955,3.05081,-0.00000,-0.00000
15.960,3.05080,-0.00000,-0.00000
15.965,3.05078,-0.00000,-0.00000
15.970,3.05077,-0.00000,-0.00000
15.975,3.05075,-0.00000,-0.00000
15.980,3.05074,-0.00000,-0.00000
15.985,3.05073,-0.00000,-0.00000
15.990,3.05071,-0.00000,-0.00000
15.995,3.05070,-0.00000,-0.00000
16.000,3.05069,-0.00000,-0.00000
16.005,3.05067,-0.00000,-0.00000
16.010,3.05066,-0.00000,-0.00000
16.015,3.05065,-0.00000,-0.00000
16.020,3.05063,-0.00000,-0.00000
16.025,3.05062,-0.00000,-0.00000
16.030,3.05061,-0.00000,-0.00000
16.035,3.05059,-0.00000,-0.00000
16.040,3.05058,-0.00000,-0.00000
16.045,3.05056,-0.00000,-0.00000
16.050,3.05055,-0.00000,-0.00000
16.055,3.05054,-0.00000,-0.00000
16.060,3.05052,-0.00000,-0.00000
16.065,3.05051,-0.00000,-0.00000
16.070,3.05050,-0.00000,-0.00000
16.075,3.05048,-0.00000,-0.00000
16.080,3.05047,-0.00000,-0.00000
16.085,3.05046,-0.00000,-0.00000
16.090,3.05044,-0.00000,-0.00000
16.095,3.05043,-0.00000,-0.00000
16.100,3.05042,-0.00000,-0.00000
16.105,3.05040,-0.00000,-0.00000
16.110,3.05039,-0.00000,-0.00000
16.115,3.05038,-0.00000,-0.00000
16.120,3.05036,-0.00000,-0.00000
16.125,3.05035,-0.00000,-0.00000
16.130,3.05034,-0.00000,-0.00000
16.135,3.05032,-0.00000,-0.00000
16.140,3.05031,-0.00000,-0.00000
16.145,3.05029,-0.00000,-0.00000
16.150,3.05028,-0.00000,-0.00000
16.155,3.05027,-0.00000,-0.00000
16.160,3.05025,-0.00000,-0.00000
16.165,3.05024,-0.00000,-0.00000
16.170,3.05023,-0.00000,-0.00000
16.175,3.05021,-0.00000,-0.00000
16.180,3.05020,-0.00000,-0.00000
16.185,3.05019,-0.00000,-0.00000
16.190,3.05017,-0.00000,-0.00000
16.195,3.05016,-0.00000,-0.00000
16.200,3.05015,-0.00000,-0.00000
16.205,3.05013,-0.00000,-0.00000
16.210,3.05012,-0.00000,-0.00000
16.215,3.05011,-0.00000,-0.00000
16.220,3.05009,-0.00000,-0.00000
16.225,3.05008,-0.00000,-0.00000
16.230,3.05007,-0.00000,-0.00000
16.235,3.05005,-0.00000,-0.00000
16.240,3.05004,-0.00000,-0.00000
16.245,3.05003,-0.00000,-0.00000
16.250,3.05001,-0.00000,-0.00000
16.255,3.05000,-0.00000,-0.00000
16.260,3.04999,-0.00000,-0.00000
16.265,3.04997,-0.00000,-0.00000
16.270,3.04996,-0.00000,-0.00000
16.275,3.04995,-0.00000,-0.00000
16.280,3.04993,-0.00000,-0.00000
16.285,3.04992,-0.00000,-0.00000
16.290,3.04991,-0.00000,-0.00000
16.295,3.04989,-0.00000,-0.00000
16.300,3.04988,-0.00000,-0.00000
16.305,3.04987,-0.00000,-0.00000
16.310,3.04985,-0.00000,-0.00000
16.315,3.04984,-0.00000,-0.00000
16.320,3.04983,-0.00000,-0.00000
16.325,3.04981,-0.00000,-0.00000
16.330,3.04980,-0.00000,-0.00000
16.335,3.04979,-0.00000,-0.00000
16.340,3.04977,-0.00000,-0.00000
16.345,3.04976,-0.00000,-0.00000
16.350,3.04975,-0.00000,-0.00000
16.355,3.04973,-0.00000,-0.00000
16.360,3.04972,-0.00000,-0.00000
16.365,3.04971,-0.00000,-0.00000
16.370,3.04969,-0.00000,-0.00000
16.375,3.04968,-0.00000,-0.00000
16.380,3.04967,-0.00000,-0.00000
